Season,Name,Tm,IP,TBF,K/9,BB/9,K/BB,HR/9,K%,BB%,K-BB%,AVG,WHIP,BABIP,LOB%,FIP,xFIP,playerId
2019,CC Sabathia,NYY,42.2,179,7.5937,2.9531,2.5714,1.8984,0.2011,0.0782,0.1229,0.283018867,1.3828,0.3051,0.3099,5.393695273,4.656254902,404
2019,Fernando Rodney,2 Tms,22.2,97,7.9412,4.7647,1.6667,1.1912,0.2062,0.1237,0.0825,0.329411764,1.7647,0.4032,0.3073,4.758131664,4.617206509,494
2019,Adam Ottavino,NYY,36,142,11.5,4.75,2.4211,0.25,0.3239,0.1338,0.1901,0.169491525,1.0833,0.2568,0.7071,2.769565032,4.066125488,1247
2019,Oliver Perez,CLE,24.2,101,10.9459,2.9189,3.75,1.0946,0.297,0.0792,0.2178,0.241758241,1.2162,0.322,0.4851,3.45725239,3.730971018,1514
2019,Sean Doolittle,WSN,27,119,11.3333,3,3.7778,1,0.2857,0.0756,0.2101,0.252336448,1.3333,0.338,0.5621,3.362157624,4.717336273,1581
2019,Edwin Jackson,2 Tms,34.1,163,7.6019,2.6214,2.9,2.6214,0.1779,0.0613,0.1166,0.389261744,1.9806,0.4286,0.0357,6.359643597,5.180446279,1841
2019,Zack Greinke,2 Tms,78.1,287,7.2383,1.6085,4.5,1.2638,0.2195,0.0488,0.1707,0.242424242,0.9957,0.2663,0.2396,3.967201285,3.589133915,1943
2019,Ivan Nova,CHW,88,335,4.3977,2.6591,1.6538,1.3295,0.1284,0.0776,0.0507,0.275167785,1.2273,0.2771,0.2345,5.179918566,4.954809943,1994
2019,Clayton Kershaw,LAD,68,247,7.4118,2.1176,3.5,1.1912,0.2267,0.0648,0.1619,0.211711711,0.9265,0.2303,0.3891,4.037538887,3.808855064,2036
2019,Adam Wainwright,STL,77,318,7.7143,3.5065,2.2,0.7013,0.2075,0.0943,0.1132,0.27306273,1.3506,0.3238,0.4232,3.915308177,4.529853249,2233
2019,Hector Rondon,HOU,28.2,113,6.907,3.7674,1.8333,0.9419,0.1947,0.1062,0.0885,0.204081632,1.1163,0.2267,0.5208,4.400054608,4.982534095,2391
2019,Lance Lynn,TEX,88,363,10.4318,3.2727,3.1875,0.3068,0.281,0.0882,0.1928,0.240625,1.2386,0.3333,0.386,2.566282204,4.089701654,2520
2019,Jhoulys Chacin,2 Tms,41,191,7.6829,5.4878,1.4,1.9756,0.1832,0.1309,0.0524,0.314102564,1.8049,0.3333,0.2997,6.335960695,5.811128557,2608
2019,Rick Porcello,BOS,72.1,324,7.8387,3.6083,2.1724,1.9908,0.1944,0.0895,0.1049,0.283216783,1.5207,0.3066,0.1638,5.716314776,5.618293451,2717
2019,Ross Detwiler,CHW,27.2,119,4.5542,3.9036,1.1667,2.9277,0.1176,0.1008,0.0168,0.349514563,1.7349,0.3253,0.1648,7.840509925,5.552870229,2859
2019,Kenley Jansen,LAD,28.2,114,13.186,2.5116,5.25,1.2558,0.3684,0.0702,0.2982,0.205882352,1.0116,0.2881,0.2869,3.039591075,2.752237783,3096
2019,Tony Watson,SFG,24.2,100,6.2027,2.5541,2.4286,1.4595,0.17,0.07,0.1,0.25,1.1757,0.2609,0.4167,5.159952792,5.067931851,3132
2019,Max Scherzer,WSN,66.2,257,11.34,1.89,6,0.81,0.3268,0.0545,0.2724,0.213389121,0.975,0.2961,0.3299,2.539009814,3.039942504,3137
2019,David Price,BOS,50.2,202,9.7697,1.5987,6.1111,1.2434,0.2723,0.0446,0.2277,0.270833333,1.2039,0.3435,0.2539,3.371904108,3.538883488,3184
2019,Will Harris,HOU,24.2,87,8.3919,1.4595,5.75,0.3649,0.2644,0.046,0.2184,0.207317073,0.8514,0.2712,0.6122,2.362659276,2.642066687,3192
2019,Francisco Liriano,PIT,34.1,140,7.3398,4.7185,1.5556,1.3107,0.2,0.1286,0.0714,0.24137931,1.3398,0.2644,0.4634,5.223720165,5.300409559,3201
2019,T.J. McFarland,ARI,29.1,130,4.9091,4.2955,1.1429,0.9205,0.1231,0.1077,0.0154,0.357142857,1.8409,0.3814,0.4418,4.884465919,4.639941577,3237
2019,Zack Britton,NYY,29,111,6.5172,5.5862,1.1667,0.931,0.1892,0.1622,0.027,0.188888888,1.2069,0.2029,0.7143,4.972630165,4.107955723,3240
2019,Jeff Samardzija,SFG,71.1,274,6.8131,2.1449,3.1765,0.8832,0.1971,0.062,0.135,0.222672064,1.0093,0.2474,0.2648,3.774757401,4.478967323,3254
2019,Anibal Sanchez,WSN,66,284,6.4091,4.0909,1.5667,0.5455,0.1655,0.1056,0.0599,0.222672064,1.2879,0.2563,0.3597,4.123100385,5.53540386,3284
2019,Danny Duffy,KCR,57.2,228,7.3353,3.1214,2.35,1.5607,0.2061,0.0877,0.1184,0.252475247,1.2312,0.277,0.2667,5.034817672,4.8501765,3542
2019,Clay Buchholz,TOR,27.1,106,4.6098,1.3171,3.5,1.9756,0.1321,0.0377,0.0943,0.33,1.3537,0.3293,0,5.482304925,4.739144406,3543
2019,Liam Hendriks,OAK,38.2,148,13.5,3.0259,4.4615,0.2328,0.3919,0.0878,0.3041,0.207692307,1.0345,0.3421,0.6736,1.55883849,3.074649555,3548
2019,Clayton Richard,TOR,23,89,2.3478,2.7391,0.8571,1.1739,0.0674,0.0787,-0.0112,0.269230769,1.2174,0.2571,0.1493,5.692270345,5.293926355,3551
2019,Matt Magill,2 Tms,20.1,100,11.9508,4.8689,2.4545,0.8852,0.27,0.11,0.16,0.289156626,1.7213,0.3793,0.3216,3.754993969,4.041582674,3950
2019,Yusmeiro Petit,OAK,34,118,7.1471,0.5294,13.5,1.3235,0.2288,0.0169,0.2119,0.196428571,0.7059,0.2024,0.2941,3.714009476,4.493523316,4020
2019,Derek Holland,2 Tms,40.1,173,7.1405,3.5703,2,2.6777,0.185,0.0925,0.0925,0.284722222,1.4132,0.2661,0.181,6.982607631,5.334199609,4141
2019,Jake Arrieta,PHI,66.2,263,6.615,3.645,1.8148,0.81,0.1863,0.1027,0.0837,0.246636771,1.23,0.2768,0.3222,4.309008928,4.601075105,4153
2019,David Hernandez,CIN,21.2,101,9.1384,4.5692,2,1.2462,0.2178,0.1089,0.1089,0.329411764,1.8,0.3906,0.1397,4.644776505,4.864585216,4259
2019,Mark Melancon,2 Tms,31.2,131,8.2421,2.2737,3.625,0.8526,0.2214,0.0611,0.1603,0.3,1.3895,0.3708,0.4545,3.561378628,3.334871649,4264
2019,Matt Albers,MIL,28,122,7.7143,6.1071,1.2632,1.6071,0.1967,0.1557,0.041,0.275510204,1.6429,0.3014,0.4,5.964009476,5.205528383,4300
2019,Justin Wilson,NYM,22,84,12.2727,2.8636,4.2857,1.2273,0.3571,0.0833,0.2738,0.207792207,1.0455,0.2955,0.6383,3.214009476,2.616722042,4301
2019,Tyler Chatwood,CHC,38,149,6.6316,3.3158,2,0.9474,0.1879,0.094,0.094,0.246153846,1.2105,0.28,0.4608,4.450851581,4.338771085,4338
2019,Jeremy Hellickson,WSN,20,88,6.75,5.85,1.1538,2.25,0.1705,0.1477,0.0227,0.25,1.55,0.2407,0.2,7.064009476,6.499437416,4371
2019,Jordan Zimmermann,DET,48.2,226,7.5822,3.3288,2.2778,1.8493,0.1814,0.0796,0.1018,0.348484848,1.7877,0.3831,0.1316,5.494829831,5.03079832,4505
2019,Charlie Morton,TBR,80.2,313,11.0454,2.4545,4.5,0.8926,0.3163,0.0703,0.246,0.217857142,1.0289,0.2994,0.3299,3.127232653,3.342210565,4676
2019,Felix Hernandez,SEA,30.2,135,6.4565,3.2283,2,1.7609,0.163,0.0815,0.0815,0.319327731,1.5978,0.3441,0.1147,5.692267651,4.9001563,4772
2019,Rich Hill,LAD,23.2,91,11.0282,4.1831,2.6364,1.1408,0.3187,0.1209,0.1978,0.166666666,0.9718,0.2,0.5963,4.185839093,3.462513268,4806
2019,Mike Montgomery,2 Tms,43.2,174,4.7405,2.4733,1.9167,1.6489,0.1322,0.069,0.0632,0.324675324,1.4198,0.3281,0.3717,5.572791703,4.922175981,4869
2019,Jon Lester,CHC,81,339,8.2222,3.1111,2.6429,1.2222,0.2183,0.0826,0.1357,0.286666666,1.4074,0.3348,0.2982,4.263392192,4.339817391,4930
2019,Cole Hamels,CHC,66.2,274,7.83,3.78,2.0714,0.945,0.2117,0.1022,0.1095,0.244635193,1.275,0.2793,0.4275,4.189008988,4.554617923,4972
2019,Jake Diekman,2 Tms,37.1,160,12.0535,3.1339,3.8462,0.4821,0.3125,0.0813,0.2313,0.235294117,1.2054,0.3409,0.3862,2.839010146,3.527920154,5003
2019,Jeurys Familia,NYM,31.2,132,8.8105,6.821,1.2917,0.5684,0.2348,0.1818,0.053,0.25,1.5789,0.3243,0.3527,4.445587126,4.818057632,5114
2019,Wade LeBlanc,SEA,49.1,217,7.8446,2.0068,3.9091,1.8243,0.1982,0.0507,0.1475,0.333333333,1.6014,0.3791,0.2615,4.774821341,4.760599352,5221
2019,Blake Parker,2 Tms,28.2,107,9.1046,2.1977,4.1429,2.1977,0.271,0.0654,0.2056,0.229166666,1.0116,0.2344,0.1563,5.097728215,3.658083856,5224
2019,Wilmer Font,3 Tms,40.2,160,9.0738,2.4344,3.7273,0.8852,0.2563,0.0688,0.1875,0.234482758,1.1066,0.2941,0.4348,3.435321314,4.357804745,5257
2019,Jose Alvarez,PHI,31.1,126,8.617,2.2979,3.75,0.5745,0.2381,0.0635,0.1746,0.28318584,1.2766,0.3529,0.5759,2.990604984,3.684465545,5358
2019,Manny Banuelos,CHW,23.1,100,6.1714,4.2429,1.4545,1.5429,0.16,0.11,0.05,0.34117647,1.7143,0.3676,0.2825,5.614012904,5.687236958,5365
2019,Michael Pineda,MIN,59,227,7.6271,1.678,4.5455,1.0678,0.2203,0.0485,0.1718,0.242718446,1.0339,0.2722,0.1916,3.671636594,4.354477072,5372
2019,Brad Peacock,HOU,36.2,148,10.3091,2.2091,4.6667,1.7182,0.2838,0.0608,0.223,0.2481203,1.1455,0.2989,0.2841,4.386735682,3.966458524,5401
2019,Pedro Baez,LAD,34.2,129,8.0481,2.5962,3.1,0.5192,0.2403,0.0775,0.1628,0.165217391,0.8365,0.2024,0.1773,3.214009476,4.414960244,5420
2019,Jesse Chavez,TEX,34.2,146,7.5288,3.1154,2.4167,1.2981,0.1986,0.0822,0.1164,0.271317829,1.3558,0.3061,0.1905,4.627469655,4.416517086,5448
2019,Madison Bumgarner,SFG,80.1,314,8.4025,2.2407,3.75,1.0083,0.2389,0.0637,0.1752,0.272401433,1.195,0.3268,0.2602,3.736831269,4.112780412,5524
2019,Ryan Brasier,BOS,24,104,9.375,3,3.125,1.875,0.2404,0.0769,0.1635,0.282608695,1.4167,0.3231,0.2143,4.964009476,4.659299916,5615
2019,Tyler Clippard,CLE,23.1,87,8.1,1.1571,7,1.5429,0.2414,0.0345,0.2069,0.197368421,0.7714,0.2037,0.4023,4.671154414,5.426392888,5640
2019,Junior Guerra,MIL,39,153,7.6154,3,2.5385,0.9231,0.2157,0.085,0.1307,0.207407407,1.0513,0.233,0.3672,3.855035117,4.561912944,5702
2019,Kelvin Herrera,CHW,27,124,7,4.3333,1.6154,1.6667,0.1694,0.1048,0.0645,0.317757009,1.7407,0.3452,0.3659,5.621416883,5.645261109,6033
2019,Trevor Cahill,LAA,41.2,180,6.264,3.672,1.7059,1.296,0.1611,0.0944,0.0667,0.270967741,1.416,0.2903,0.2015,5.206007882,5.434609111,6249
2019,Chris Archer,PIT,50.2,219,10.125,4.2632,2.375,1.5987,0.2603,0.1096,0.1507,0.27027027,1.4605,0.3203,0.2885,4.753482147,4.682128285,6345
2019,Jake Odorizzi,MIN,65.1,259,9.3674,3.3061,2.8333,0.6888,0.2625,0.0927,0.1699,0.24778761,1.2245,0.3168,0.3649,3.275233997,4.442075678,6397
2019,Trevor May,MIN,29.2,114,11.2247,2.1236,5.2857,0.9101,0.3246,0.0614,0.2632,0.184466019,0.8764,0.2424,0.3509,2.843223376,3.674275977,6398
2019,Jose Cisnero,DET,21,93,10.2857,4.2857,2.4,1.7143,0.2581,0.1075,0.1505,0.25,1.381,0.2885,0.4545,5.261628523,4.774643929,6399
2019,Steve Cishek,CHC,32.1,124,6.6804,4.1753,1.6,0.8351,0.1935,0.121,0.0726,0.182692307,1.0515,0.2025,0.5793,4.605763488,5.306755417,6483
2019,Brad Brach,2 Tms,24.2,109,8.027,5.1081,1.5714,0.3649,0.2018,0.1284,0.0734,0.344444444,1.8243,0.4167,0.344,3.659954819,5.149012822,6627
2019,Carlos Carrasco,CLE,35.2,136,10.3458,0.757,13.6667,2.0187,0.3015,0.0221,0.2794,0.28125,1.0935,0.3373,0.0694,4.167279613,3.370733353,6632
2019,Alex Colome,CHW,28.2,111,6.593,2.8256,2.3333,0.6279,0.1892,0.0811,0.1081,0.195876288,0.9767,0.2152,0.1984,3.59772996,4.564306469,6661
2019,Andrew Miller,STL,27.2,114,10.7349,3.5783,3,1.3012,0.2895,0.0965,0.193,0.25510204,1.3012,0.3387,0.436,4.334490053,4.180548353,6785
2019,Julio Teheran,ATL,75.2,315,7.0176,4.4009,1.5946,0.8326,0.1873,0.1175,0.0698,0.248091603,1.348,0.2802,0.4218,4.522378943,5.265126219,6797
2019,Chase Anderson,MIL,63,247,8.4286,3.1429,2.6818,1.5714,0.2389,0.0891,0.1498,0.201877934,1.0317,0.2119,0.2612,4.84893011,4.820892295,6895
2019,Martin Perez,MIN,71,323,7.4789,3.8028,1.9667,1.1408,0.1827,0.0929,0.0898,0.326241134,1.7183,0.3739,0.3114,4.594291166,4.627422897,6902
2019,Joakim Soria,OAK,25,98,7.2,2.52,2.8571,1.08,0.2041,0.0714,0.1327,0.229885057,1.08,0.2537,0.042,4.134009476,4.801920063,6941
2019,Luis Garcia,LAA,33,140,7.9091,4.6364,1.7059,1.9091,0.2071,0.1214,0.0857,0.268907563,1.4848,0.2907,0.5224,5.850373112,5.082003236,6984
2019,Ian Kennedy,KCR,29.2,122,12.4382,2.1236,5.8571,1.2135,0.3361,0.0574,0.2787,0.279279279,1.2809,0.3913,0.509,3.011762513,3.136406126,6986
2019,Ryan Pressly,HOU,20,77,15.3,1.8,8.5,0.9,0.4416,0.0519,0.3896,0.197183098,0.9,0.3243,0.4605,1.714009476,1.408612417,7005
2019,Daniel Hudson,2 Tms,35,139,8.2286,3.3429,2.4615,1.5429,0.2302,0.0935,0.1367,0.19327731,1.0286,0.1954,0.4895,4.814009476,4.858816198,7146
2019,Craig Stammen,SDP,36.1,142,6.1927,2.7248,2.2727,0.4954,0.1761,0.0775,0.0986,0.2109375,1.0459,0.2404,0.3693,3.461716125,4.114840037,7274
2019,Javy Guerra,2 Tms,27.2,127,8.1325,4.2289,1.9231,1.9518,0.1969,0.1024,0.0945,0.288288288,1.6265,0.3171,0.3723,5.744126909,5.944607886,7407
2019,J.A. Happ,NYY,63,246,7.8571,2.7143,2.8947,2.4286,0.2236,0.0772,0.1463,0.267857142,1.254,0.2792,0.1601,5.92829519,4.662162136,7410
2019,Wade Davis,COL,20.1,97,7.5246,6.1967,1.2143,1.3279,0.1753,0.1443,0.0309,0.329268292,2.0164,0.3871,0.1058,5.6730299,5.907253042,7441
2019,Gio Gonzalez,MIL,35.2,143,6.3084,4.2897,1.4706,0.5047,0.1748,0.1189,0.0559,0.229508196,1.2617,0.2626,0.3791,3.971018114,4.692120793,7448
2019,Anthony Swarzak,2 Tms,25.1,108,7.8158,3.5526,2.2,1.421,0.2037,0.0926,0.1111,0.285714285,1.5,0.3333,0.4938,4.714005528,4.388843071,7466
2019,Collin McHugh,HOU,29.2,128,9.7079,3.9438,2.4615,1.2135,0.25,0.1016,0.1484,0.245454545,1.3483,0.2949,0.226,4.225244294,4.551043333,7531
2019,Jake McGee,COL,20,83,8.1,1.8,4.5,1.35,0.2169,0.0482,0.1687,0.297297297,1.3,0.3393,0.4622,4.264009476,4.800516828,7550
2019,Nick Vincent,2 Tms,24,97,8.25,2.25,3.6667,1.5,0.2268,0.0619,0.1649,0.24137931,1.125,0.2698,0.4274,4.547342809,4.535649181,7555
2019,Jordan Lyles,2 Tms,59.2,238,9.352,2.8659,3.2632,1.5084,0.2605,0.0798,0.1807,0.248826291,1.2067,0.2945,0.2712,4.320154109,4.041686141,7593
2019,Tommy Milone,SEA,38,147,7.3421,1.6579,4.4286,1.6579,0.2109,0.0476,0.1633,0.253731343,1.0789,0.2673,-0.0621,4.608746318,4.621995543,7608
2019,Juan Nicasio,PHI,23.2,105,8.7465,3.8028,2.3,1.1408,0.219,0.0952,0.1238,0.296703296,1.5634,0.3529,0.355,4.312599477,4.6819345,7731
2019,Wily Peralta,KCR,25,99,5.76,3.6,1.6,1.08,0.1616,0.101,0.0606,0.273809523,1.32,0.2941,0.3571,4.934009476,5.204078887,7738
2019,Mike Fiers,OAK,71.2,272,5.6512,2.5116,2.25,1.3814,0.1654,0.0735,0.0919,0.258333333,1.1442,0.2642,0.3161,4.916334265,5.030468822,7754
2019,Shawn Kelley,TEX,23.2,92,9.507,2.662,3.5714,0.3803,0.2717,0.0761,0.1957,0.2125,1.0141,0.2807,0.4472,2.79147486,4.259399884,7773
2019,Richard Bleier,BAL,26.2,111,2.7,1.35,2,0.675,0.0721,0.036,0.036,0.333333333,1.425,0.3368,0.2688,4.264008163,4.631721674,7803
2019,Cory Gearrin,2 Tms,29.2,119,7.2809,3.3371,2.1818,0.3034,0.2017,0.0924,0.1092,0.247619047,1.2472,0.3086,0.4787,3.348840785,4.51988243,7947
2019,Marcus Walden,BOS,39.2,152,7.7143,1.8151,4.25,0.2269,0.2237,0.0526,0.1711,0.201438848,0.9076,0.2523,0.1366,2.583757905,3.559875225,8004
2019,Jason Vargas,2 Tms,72.1,295,6.0968,3.4839,1.75,1.2442,0.1661,0.0949,0.0712,0.244,1.2304,0.2488,0.2436,4.942120871,5.564933844,8044
2019,Will Smith,SFG,27,94,11.3333,2.3333,4.8571,1,0.3617,0.0745,0.2872,0.174418604,0.8148,0.24,0.5056,2.91771318,3.020428865,8048
2019,Bryan Shaw,COL,31.1,136,5.7447,3.4468,1.6667,1.7234,0.1471,0.0882,0.0588,0.294117647,1.5,0.3053,0.2885,5.862948464,5.024203516,8110
2019,Brett Anderson,OAK,82,315,3.9512,2.1951,1.8,0.6585,0.1143,0.0635,0.0508,0.247349823,1.0976,0.257,0.3271,4.165228988,4.718043191,8223
2019,Homer Bailey,2 Tms,71.2,287,8.1628,2.5116,3.25,1.2558,0.2265,0.0697,0.1568,0.260700389,1.214,0.3016,0.2237,4.176799725,4.361304154,8362
2019,Justin Verlander,HOU,66.2,239,10.53,1.62,6.5,1.08,0.3264,0.0502,0.2762,0.154545454,0.69,0.1912,0.3266,3.199009484,3.459132735,8700
2019,Tanner Roark,2 Tms,76.2,306,8.3348,2.5826,3.2273,0.8217,0.232,0.0719,0.1601,0.253623188,1.2,0.3134,0.3899,3.605313653,4.338372925,8753
2019,Wade Miley,HOU,68.1,286,6.7171,3.5561,1.8889,0.922,0.1783,0.0944,0.0839,0.272,1.3902,0.305,0.3364,4.28230268,4.580773987,8779
2019,Andrew Cashner,2 Tms,69.2,267,6.3301,2.7129,2.3333,1.0335,0.1835,0.0787,0.1049,0.25,1.1627,0.2781,0.1393,4.290563984,4.653698485,8782
2019,Oliver Drake,TBR,21.1,82,12.2344,4.6406,2.6364,1.6875,0.3537,0.1341,0.2195,0.183098591,1.125,0.2368,0.4891,4.479636453,3.06781853,8823
2019,Kirby Yates,SDP,27.2,106,14.9638,2.9277,5.1111,0,0.434,0.0849,0.3491,0.141304347,0.7952,0.2708,0.52,1.18991553,2.48409611,9073
2019,Brad Hand,CLE,28.1,113,13.9765,3.4941,4,0.6353,0.3894,0.0973,0.292,0.227722772,1.2,0.375,0.5449,2.190478861,2.8173924,9111
2019,Nathan Eovaldi,BOS,34,135,9.2647,4.2353,2.1875,1.5882,0.2593,0.1185,0.1407,0.252173913,1.3235,0.2987,0.266,4.949303593,4.293355496,9132
2019,Patrick Corbin,WSN,80.1,328,9.7469,4.3693,2.2308,0.6722,0.2652,0.1189,0.1463,0.238970588,1.2946,0.3026,0.4348,3.512764786,4.052286489,9323
2019,Jared Hughes,2 Tms,29,114,5.5862,3.1034,1.8,1.8621,0.1579,0.0877,0.0702,0.282828282,1.3103,0.275,0.2703,5.696768096,3.830232599,9325
2019,Josh Tomlin,ATL,36,135,5.25,0.75,7,1,0.1556,0.0222,0.1333,0.253968253,0.9722,0.2617,0.3401,3.741787253,4.618083005,9388
2019,Dallas Keuchel,ATL,57,224,6.3158,2.5263,2.5,1.1053,0.1786,0.0714,0.1071,0.23857868,1.1053,0.2581,0.473,4.564886668,4.224735998,9434
2019,Ryan Buchter,OAK,23,92,10.1739,5.087,2,1.1739,0.2826,0.1413,0.1413,0.219178082,1.2609,0.26,0.7258,4.344444258,4.551510754,9456
2019,Dan Straily,BAL,22.1,107,4.8358,4.0299,1.2,5.2388,0.1121,0.0935,0.0187,0.354838709,1.9254,0.2817,0,11.18417062,7.357895379,9460
2019,Jeremy Jeffress,MIL,24,100,7.875,1.125,7,1.5,0.21,0.03,0.18,0.318681318,1.3333,0.3676,0.1645,4.505676142,4.079564622,9490
2019,Joe Kelly,LAD,26,111,9.6923,3.8077,2.5455,1.0385,0.2523,0.0991,0.1532,0.242424242,1.3462,0.3088,0.2516,3.944778706,3.362873729,9761
2019,Miles Mikolas,STL,83.1,314,6.804,1.188,5.7273,1.512,0.2006,0.035,0.1656,0.267361111,1.056,0.2851,0.218,4.462009975,4.116036071,9803
2019,Sergio Romo,2 Tms,24.2,101,9.8513,4.3784,2.25,0.7297,0.2673,0.1188,0.1485,0.223529411,1.2568,0.2833,0.3191,3.538333362,4.581008423,9817
2019,Chaz Roe,TBR,31.1,129,10.0532,3.1596,3.1818,0.5745,0.2713,0.0853,0.186,0.252173913,1.2766,0.3375,0.3927,2.958690056,3.779521341,9866
2019,Brandon Kintzler,CHC,28,103,7.0714,2.25,3.1429,0.3214,0.2136,0.068,0.1456,0.225806451,1,0.2817,0.5594,3.071152334,4.09877103,9939
2019,Mike Minor,TEX,92,349,6.9457,2.4457,2.84,0.8804,0.2034,0.0716,0.1318,0.242811501,1.0978,0.2769,0.4204,3.822705128,4.691524501,10021
2019,Kyle Gibson,MIN,73.2,320,8.3077,4.0317,2.0606,0.9774,0.2125,0.1031,0.1094,0.304659498,1.6018,0.3702,0.337,4.245683217,4.184058278,10123
2019,Mike Leake,2 Tms,78.1,313,5.8596,1.4936,3.9231,1.9532,0.1629,0.0415,0.1214,0.281786941,1.2128,0.2851,0.1197,5.384223165,4.416716746,10130
2019,Stephen Strasburg,WSN,76.1,303,8.9607,2.2402,4,1.179,0.2508,0.0627,0.1881,0.243542435,1.1135,0.2917,0.3377,3.908332923,3.847022467,10131
2019,Tyler Skaggs,LAA,31.2,132,8.2421,3.1263,2.6364,1.1368,0.2197,0.0833,0.1364,0.282051282,1.3895,0.3333,0.2284,4.161376899,4.52941614,10190
2019,Shelby Miller,TEX,22.1,116,6.4478,6.8508,0.9412,2.4179,0.1379,0.1466,-0.0086,0.34065934,2.1493,0.3378,0.1643,7.960285216,7.139814281,10197
2019,Aroldis Chapman,NYY,31.2,118,13.3579,1.9895,6.7143,0.2842,0.3983,0.0593,0.339,0.141509433,0.6947,0.2258,0.3241,1.414011371,1.945739913,10233
2019,Zack Wheeler,NYM,86.2,361,7.7885,2.9077,2.6786,1.0385,0.2078,0.0776,0.1302,0.261829652,1.2808,0.2944,0.3093,3.95247073,4.403422479,10310
2019,Robbie Erlin,SDP,31,132,7.2581,2.0323,3.5714,0.5806,0.1894,0.053,0.1364,0.291666666,1.3548,0.3402,0.2736,3.214009476,4.36450568,10354
2019,Mychal Givens,BAL,31.2,117,10.2316,3.1263,3.2727,0.8526,0.3077,0.094,0.2137,0.173076923,0.9158,0.2239,0.1613,3.214009476,3.552855868,10430
2019,Chad Bettis,COL,30,129,5.4,3.3,1.6364,1.8,0.1395,0.0853,0.0543,0.300884955,1.5,0.3077,0.1263,6.014009476,4.74014673,10587
2019,Chris Sale,BOS,56,231,13.0179,1.4464,9,1.9286,0.3506,0.039,0.3117,0.260663507,1.1429,0.3468,0.0192,3.856866618,2.91827208,10603
2019,Shane Greene,2 Tms,22.1,88,8.4627,2.8209,3,1.6119,0.2386,0.0795,0.1591,0.22077922,1.0746,0.2407,0.3922,4.870720948,4.323742774,10756
2019,Mike Foltynewicz,ATL,46.2,186,7.7143,2.5071,3.0769,1.5429,0.2151,0.0699,0.1452,0.263473053,1.2214,0.288,0.1528,4.564008511,4.424103359,10811
2019,Asher Wojciechowski,BAL,31.2,141,9.9474,2.2737,4.375,1.7053,0.2482,0.0567,0.1915,0.302325581,1.4842,0.3708,0.3606,4.508744955,4.872352931,10836
2019,Adam Kolarek,2 Tms,24,104,7.875,4.125,1.9091,1.125,0.2019,0.1058,0.0962,0.266666666,1.4583,0.3182,0.5917,4.839009476,4.125728838,10843
2019,Jacob deGrom,NYM,78.1,298,10.2255,2.6426,3.8696,0.5745,0.2987,0.0772,0.2215,0.194656488,0.9447,0.2614,0.4722,2.843796553,3.5630508,10954
2019,Merrill Kelly,ARI,73,307,5.9178,4.0685,1.4545,1.1096,0.1564,0.1075,0.0489,0.268939393,1.4247,0.2884,0.3319,4.940036873,5.435500611,11156
2019,Vince Velasquez,PHI,48.2,204,8.3219,3.1438,2.6471,2.2192,0.2206,0.0833,0.1373,0.275280898,1.3562,0.2913,0.2682,5.803048798,4.968267339,11189
2019,Casey Sadler,2 Tms,22.1,80,5.6418,1.6119,3.5,0.403,0.175,0.05,0.125,0.194444444,0.806,0.2167,0.5114,3.214009476,4.146092956,11209
2019,Tommy Kahnle,NYY,26.1,109,12.9874,3.076,4.2222,2.0506,0.3486,0.0826,0.2661,0.237113402,1.2152,0.3148,0.3906,4.543125082,3.091887206,11384
2019,Jose Quintana,CHC,73.1,317,7.1182,3.3136,2.1481,0.8591,0.183,0.0852,0.0978,0.304832713,1.4864,0.3363,0.2372,4.059464405,4.798719688,11423
2019,Drew Pomeranz,2 Tms,42.2,183,10.7578,3.1641,3.4,1.6875,0.2787,0.082,0.1967,0.298136645,1.4766,0.3774,0.3832,4.52650845,4.047133365,11426
2019,Brandon Workman,BOS,32.2,128,12.3979,6.0612,2.0455,0.2755,0.3516,0.1719,0.1797,0.137254901,1.102,0.2167,0.5202,2.877275126,3.636302262,11428
2019,Matt Grace,WSN,24.1,103,6.2877,1.8493,3.4,2.589,0.165,0.0485,0.1165,0.329787234,1.4795,0.3288,0.2574,6.296205479,4.354936904,11449
2019,Robbie Ray,ARI,71,292,12.5493,4.6901,2.6757,1.0141,0.339,0.1267,0.2123,0.235294117,1.3099,0.3288,0.3103,3.537953137,3.389962665,11486
2019,Aaron Sanchez,2 Tms,60,277,5.85,4.8,1.2188,1.65,0.1408,0.1155,0.0253,0.31779661,1.7833,0.3351,0.2929,6.097342809,5.670061926,11490
2019,Josh Osich,CHW,30.1,117,7.1209,1.4835,4.8,2.0769,0.2051,0.0427,0.1624,0.252252252,1.0879,0.2593,0.1293,5.126099489,4.355757983,11528
2019,Jose Urena,MIA,40.1,164,6.0248,2.4545,2.4545,1.3388,0.1646,0.0671,0.0976,0.304054054,1.3884,0.3305,0.2419,4.775994237,4.617599357,11589
2019,Carlos Martinez,STL,23.2,98,8.7465,3.4225,2.5556,0.3803,0.2347,0.0918,0.1429,0.26744186,1.3521,0.3438,0.5063,3.087249092,3.88276744,11682
2019,Tayron Guerrero,MIA,21,101,6.4286,6.8571,0.9375,1.7143,0.1485,0.1584,-0.0099,0.32051282,1.9524,0.3387,0.3553,7.11877138,7.200131324,11691
2019,Nick Kingham,2 Tms,26,117,6.2308,4.5,1.3846,1.7308,0.1538,0.1111,0.0427,0.363636363,1.8846,0.3827,0.2381,5.829394091,5.701139566,11694
2019,Sam Dyson,2 Tms,25,97,5.04,1.44,3.5,0.36,0.1443,0.0412,0.1031,0.272727272,1.12,0.3026,0.3147,3.334009476,4.484942417,11710
2019,Matt Harvey,LAA,26,112,5.8846,4.8462,1.2143,2.7692,0.1518,0.125,0.0268,0.304347826,1.6154,0.2778,0,7.637086399,5.702800199,11713
2019,Luke Jackson,ATL,38.2,164,12.8017,3.9569,3.2353,1.1638,0.3354,0.1037,0.2317,0.260273972,1.4224,0.3793,0.5417,3.369181756,2.871382235,11752
2019,Kyle Ryan,CHC,28.1,112,6.3529,4.7647,1.3333,0.3176,0.1786,0.1339,0.0446,0.255319148,1.3765,0.3026,0.4521,3.849304341,4.724419903,11753
2019,Drew Smyly,2 Tms,54.2,220,8.8902,3.6219,2.4545,2.3049,0.2455,0.1,0.1455,0.24742268,1.2805,0.2615,0.0992,5.774983524,4.992869581,11760
2019,Noah Syndergaard,NYM,85.1,344,8.4375,2.2148,3.8095,1.1602,0.2326,0.061,0.1715,0.272435897,1.2422,0.319,0.1987,3.753072186,3.802305431,11762
2019,Hansel Robles,LAA,33.1,118,8.1,1.35,6,1.08,0.2542,0.0424,0.2119,0.222222222,0.87,0.2532,0.4701,3.424009686,4.310733807,11801
2019,Hector Neris,PHI,27.1,113,10.8659,5.5976,1.9412,1.6463,0.292,0.1504,0.1416,0.188888888,1.2439,0.2182,0.6,5.372548693,4.741118942,11804
2019,James Paxton,NYY,61,244,9.7377,2.9508,3.3,1.3279,0.2705,0.082,0.1885,0.261467889,1.2623,0.3221,0.3106,3.951714394,4.251157016,11828
2019,Chris Martin,2 Tms,20.2,72,7.8387,0.4355,18,0.871,0.25,0.0139,0.2361,0.246376811,0.871,0.2941,0.1316,2.875300345,2.964762249,11847
2019,Michael Feliz,PIT,29.2,116,10.0112,3.6404,2.75,1.5169,0.2845,0.1034,0.181,0.205882352,1.1124,0.2424,0.4615,4.393783431,4.147277098,11903
2019,Taylor Cole,LAA,30,126,8.4,3.6,2.3333,0.6,0.2222,0.0952,0.127,0.297297297,1.5,0.3735,0.2546,3.514009476,4.039786926,11964
2019,Matt Andriese,ARI,33.2,146,9.3564,4.0099,2.3333,0.5347,0.2397,0.1027,0.137,0.272,1.4554,0.3478,0.4149,3.421930062,4.54038207,12022
2019,Kyle Hendricks,CHC,68.1,277,6.5854,1.3171,5,0.922,0.1805,0.0361,0.1444,0.279352226,1.1561,0.3039,0.2527,3.784741461,4.461647243,12049
2019,Felipe Vazquez,PIT,29.1,105,13.1932,1.5341,8.6,0.6136,0.4095,0.0476,0.3619,0.173469387,0.75,0.2778,0.6931,1.782189668,2.319917216,12076
2019,Aaron Brooks,2 Tms,41,184,5.2683,3.9512,1.3333,1.9756,0.1304,0.0978,0.0326,0.322981366,1.7073,0.3308,0.2152,6.433521671,6.151275616,12272
2019,Evan Marshall,CHW,21.1,87,7.5938,5.0625,1.5,1.2656,0.2069,0.1379,0.069,0.27027027,1.5,0.3148,0.6475,5.042137332,4.426183704,12297
2019,Chris Bassitt,OAK,63.1,253,9.2368,2.5579,3.6111,1.4211,0.2569,0.0711,0.1858,0.210762331,1.0263,0.2387,0.2679,4.303483733,4.04113731,12304
2019,Seth Lugo,NYM,28,113,10.6071,2.8929,3.6667,0.6429,0.292,0.0796,0.2124,0.23,1.1429,0.3134,0.3846,2.964009476,4.379859265,12447
2019,Blake Treinen,OAK,29.2,132,8.191,5.764,1.4211,0.6067,0.2045,0.1439,0.0606,0.288288288,1.7191,0.3571,0.5187,4.191536467,5.326687207,12572
2019,Nick Ramirez,DET,37.1,168,6.9911,4.5804,1.5263,1.4464,0.1726,0.1131,0.0595,0.296551724,1.6607,0.3246,0.4104,5.276511317,5.318517657,12575
2019,Jerad Eickhoff,PHI,22.2,89,6.75,0.7941,8.5,2.7794,0.191,0.0225,0.1685,0.313253012,1.2353,0.3065,0.1563,6.125769899,4.30504377,12664
2019,Roenis Elias,2 Tms,23,99,6.6522,4.3043,1.5455,2.3478,0.1717,0.1111,0.0606,0.255813953,1.4348,0.2462,0.2033,6.561835562,5.765147583,12673
2019,Ryne Harper,MIN,28.2,116,6.593,1.8837,3.5,1.2558,0.181,0.0517,0.1293,0.247619047,1.1163,0.2619,0.4015,4.295403567,5.048912608,12680
2019,Trevor Bauer,2 Tms,89.1,367,10.2761,2.8209,3.6429,1.209,0.2779,0.0763,0.2016,0.246105919,1.1978,0.3088,0.2037,3.885651517,4.165700897,12703
2019,Adrian Houser,MIL,51,193,8.2941,1.9412,4.2727,1.4118,0.2435,0.057,0.1865,0.268571428,1.1373,0.3095,0.3347,4.11597026,3.63691605,12718
2019,Chris Devenski,HOU,30,128,6.9,3.6,1.9167,1.8,0.1797,0.0938,0.0859,0.245454545,1.3,0.2471,0.2761,5.680676142,6.130791828,12763
2019,Sonny Gray,CIN,70,269,9.6429,3.9857,2.4194,1.0286,0.2788,0.1152,0.1636,0.196428571,1.0714,0.2368,0.4192,4.014009476,3.920739307,12768
2019,Jairo Diaz,COL,30,122,7.5,2.7,2.7778,1.5,0.2049,0.0738,0.1311,0.27027027,1.3,0.3049,0.2424,4.714009476,4.337628103,12774
2019,John Brebbia,STL,30.1,132,9.7912,5.044,1.9412,0.5934,0.25,0.1288,0.1212,0.245614035,1.4835,0.325,0.4265,3.576647237,5.604948108,12777
2019,Sam Gaviglio,TOR,39,149,5.7692,2.0769,2.7778,1.6154,0.1678,0.0604,0.1074,0.21641791,0.9744,0.2075,0,5.111445373,5.175360154,12778
2019,Noe Ramirez,LAA,25.2,104,8.7662,4.2078,2.0833,1.4026,0.2404,0.1154,0.125,0.227272727,1.2468,0.2667,0.3401,5.045175929,5.499250205,12800
2019,Matt Wisler,2 Tms,29.2,121,11.2247,1.8202,6.1667,1.5169,0.3058,0.0496,0.2562,0.24778761,1.1461,0.3151,0.1852,3.517379921,3.539080822,12804
2019,Mike Clevinger,CLE,49.1,181,13.1351,1.6419,8,0.9122,0.3978,0.0497,0.3481,0.211764705,0.9122,0.3298,0.3333,2.220765562,2.475746059,12808
2019,Shawn Armstrong,2 Tms,34,149,9.2647,3.9706,2.3333,1.5882,0.2349,0.1007,0.1342,0.263565891,1.4412,0.3043,0.3365,4.861068299,5.141217088,12857
2019,Matt Barnes,BOS,31.1,137,14.649,6.0319,2.4286,0.5745,0.3723,0.1533,0.219,0.210526315,1.4362,0.3492,0.5213,2.799115418,3.366005257,12863
2019,Alex Claudio,MIL,29,124,5.8966,5.2759,1.1176,1.5517,0.1532,0.1371,0.0161,0.244897959,1.4138,0.2405,0.5,6.317457751,5.447944567,12890
2019,Ken Giles,TOR,22,82,13.0909,3.6818,3.5556,0.8182,0.3902,0.1098,0.2805,0.150684931,0.9091,0.2308,0.6977,2.714009476,3.702234074,12910
2019,Dylan Bundy,BAL,75.1,301,8.3628,3.2257,2.5926,1.3142,0.2326,0.0897,0.1429,0.233962264,1.1814,0.2656,0.1743,4.368877243,4.530267476,12917
2019,Archie Bradley,ARI,38.2,166,8.8448,3.9569,2.2353,0.4655,0.2289,0.1024,0.1265,0.26056338,1.3966,0.3302,0.5535,3.472629942,4.292119854,12918
2019,Gabriel Ynoa,BAL,45.1,184,4.9632,2.5809,1.9231,1.1912,0.1359,0.0707,0.0652,0.251497005,1.2132,0.2628,0.0806,4.890481296,5.495509206,12938
2019,Joe Musgrove,PIT,68,284,7.2794,1.5882,4.5833,1.0588,0.1937,0.0423,0.1514,0.293893129,1.3088,0.335,0.099,3.787538887,4.452104198,12970
2019,Joe Ross,WSN,30.1,139,6.2308,4.4506,1.4,0.8901,0.1511,0.1079,0.0432,0.336134453,1.8132,0.3737,0.3668,4.697527589,5.510317105,12972
2019,Andrew Chafin,ARI,25.2,105,11.9221,3.5065,3.4,1.7532,0.3238,0.0952,0.2286,0.241758241,1.2468,0.3091,0.4231,4.382839126,2.935394864,12988
2019,Colten Brewer,BOS,34.2,148,7.5288,4.4135,1.7059,0.5192,0.1959,0.1149,0.0811,0.264,1.4423,0.3163,0.6098,3.935162628,4.906589861,12997
2019,Anthony DeSclafani,CIN,64,258,7.7344,2.9531,2.619,1.9688,0.2132,0.0814,0.1318,0.242290748,1.1875,0.247,0.274,5.417134476,4.997729144,13050
2019,Wei-Yin Chen,MIA,30,137,8.4,3,2.8,2.4,0.2044,0.073,0.1314,0.352941176,1.7333,0.3908,0.2009,6.214009476,5.333310456,13071
2019,Yu Darvish,CHC,65.1,255,9.7806,3.5816,2.7308,1.7908,0.2784,0.102,0.1765,0.204545454,1.0867,0.2238,0.2007,4.912989934,3.939947271,13074
2019,Gerrit Cole,HOU,68,255,12.3088,2.5147,4.8947,0.5294,0.3647,0.0745,0.2902,0.191304347,0.9265,0.292,0.404,2.169891829,3.131114579,13125
2019,Derek Law,TOR,32.2,149,9.3673,5.7857,1.619,0.8265,0.2282,0.1409,0.0872,0.243902439,1.5612,0.3,0.4393,4.346661381,4.675134935,13133
2019,Eduardo Rodriguez,BOS,95.2,372,8.655,2.7282,3.1724,1.0348,0.2473,0.078,0.1694,0.246987951,1.1603,0.3008,0.4016,3.820281041,4.13450649,13164
2019,Kyle Crick,PIT,23.2,106,11.7887,4.5634,2.5833,2.662,0.2925,0.1132,0.1792,0.269662921,1.5211,0.3269,0.4305,6.46752602,4.555630204,13182
2019,Zach Davies,MIL,72.2,279,4.7064,1.8578,2.5333,1.4862,0.1362,0.0538,0.0824,0.253968253,1.0872,0.243,0.2251,4.934192173,5.196349634,13183
2019,Joe Biagini,2 Tms,30.1,124,8.6044,3.5604,2.4167,2.0769,0.2339,0.0968,0.1371,0.281818181,1.4176,0.32,0.4678,5.587638458,4.030357496,13194
2019,Ross Stripling,LAD,37.1,142,7.2321,1.9286,3.75,0.9643,0.2113,0.0563,0.1549,0.2109375,0.9375,0.2347,0.1274,3.803295716,4.115472465,13273
2019,Adrian Sampson,TEX,55.2,243,5.8204,3.7186,1.5652,2.2635,0.1481,0.0947,0.0535,0.306976744,1.5988,0.3114,0.2901,6.591252962,5.894657394,13339
2019,Luis Cessa,NYY,41,152,7.6829,3.0732,2.5,0.6585,0.2303,0.0921,0.1382,0.166666666,0.878,0.1939,0.2071,3.628643622,4.327009475,13345
2019,Cam Bedrosian,LAA,30,116,9,2.4,3.75,0.9,0.2586,0.069,0.1897,0.2,0.9667,0.2466,0.1866,3.514009476,3.606453593,13360
2019,Steven Matz,NYM,70.2,290,7.6415,2.5472,3,1.6557,0.2069,0.069,0.1379,0.275193798,1.2877,0.3037,0.3553,5.011178439,4.224170347,13361
2019,Felix Pena,LAA,39.1,161,7.7797,2.9746,2.6154,2.2881,0.2112,0.0807,0.1304,0.234482758,1.1949,0.2353,-0.0286,5.934350764,4.803905389,13403
2019,Drew VerHagen,DET,31.2,124,7.1053,3.4105,2.0833,1.1368,0.2016,0.0968,0.1048,0.254545454,1.2632,0.2927,0.1695,4.508744955,4.562699387,13424
2019,Marcus Stroman,2 Tms,83.2,318,7.0996,2.3665,3,0.5378,0.2075,0.0692,0.1384,0.242320819,1.1116,0.2933,0.3488,3.20205729,3.661483869,13431
2019,Taylor Rogers,MIN,29,116,10.8621,1.8621,5.8333,1.2414,0.3017,0.0517,0.25,0.276190476,1.2069,0.3623,0.6688,3.420906027,3.136855317,13449
2019,Daniel Norris,DET,66,244,6.4091,1.2273,5.2222,1.3636,0.1926,0.0369,0.1557,0.243362831,0.9697,0.2542,0.098,4.214009476,4.384215803,13475
2019,Brandon Brennan,SEA,25,96,8.64,5.04,1.7143,1.08,0.25,0.1458,0.1042,0.164556962,1.08,0.1818,0.2193,4.534009476,4.167533005,13527
2019,Blake Snell,TBR,44.1,174,11.1654,4.0602,2.75,1.218,0.3161,0.1149,0.2011,0.25,1.3083,0.3478,0.2767,3.913258122,3.769154519,13543
2019,Richard Rodriguez,PIT,31.2,130,8.2421,2.8421,2.9,1.7053,0.2231,0.0769,0.1462,0.226890756,1.1684,0.2471,0.5245,4.792955182,4.968112273,13549
2019,Robert Stephenson,CIN,26,105,10.7308,4.8462,2.2143,1.3846,0.2952,0.1333,0.1619,0.177777777,1.1538,0.2143,0.2049,4.444778706,4.510492507,13594
2019,Jakob Junis,KCR,77.1,323,8.4957,3.1422,2.7037,0.931,0.226,0.0836,0.1424,0.267361111,1.3448,0.3239,0.2215,3.795906278,4.508878188,13619
2019,Clay Holmes,PIT,29.2,133,11.2247,6.0674,1.85,0.6067,0.2782,0.1504,0.1278,0.224299065,1.4831,0.3188,0.3463,4.124120812,4.387598044,13649
2019,John Gant,STL,31.1,119,5.7447,5.1702,1.1111,0.5745,0.1681,0.1513,0.0168,0.217821782,1.2766,0.2532,0.3495,4.490606578,4.930525695,13684
2019,Robert Gsellman,NYM,32.1,133,6.9588,3.0619,2.2727,0.8351,0.188,0.0827,0.1053,0.275862068,1.3299,0.3187,0.3349,4.172773351,4.87376528,13696
2019,Max Fried,ATL,65.2,275,8.6345,3.7005,2.3333,1.0964,0.2291,0.0982,0.1309,0.308333333,1.5381,0.3793,0.3987,4.249541945,3.847192343,13743
2019,Tyler Duffey,MIN,24,103,12.75,3,4.25,1.5,0.3301,0.0777,0.2524,0.206521739,1.125,0.2679,0.4018,3.672342809,3.329114867,13758
2019,Chris Stratton,2 Tms,36,158,6,3,2,2,0.1519,0.0759,0.0759,0.337931034,1.6944,0.3596,0.3213,5.769565031,5.201416338,13761
2019,Roberto Osuna,HOU,24.1,95,11.4658,2.2192,5.1667,1.1096,0.3263,0.0632,0.2632,0.176470588,0.863,0.2264,0.4255,3.255105422,3.532574376,13764
2019,Zach Eflin,PHI,72,294,6.375,3,2.125,1,0.1735,0.0816,0.0918,0.26744186,1.2917,0.2933,0.3302,4.366787253,4.662897956,13774
2019,Matt Strahm,SDP,49.1,206,8.5743,2.0068,4.2727,1.0946,0.2282,0.0534,0.1748,0.274193548,1.2568,0.3261,0.3646,3.801847711,4.438462807,13799
2019,Scott Oberg,COL,27.1,102,6.5854,3.2927,2,0.9878,0.1961,0.098,0.098,0.208791208,1.061,0.2319,0.5242,4.274986379,4.522001386,13911
2019,Michael Wacha,STL,62.2,246,6.6064,3.4468,1.9167,1.4362,0.187,0.0976,0.0894,0.248803827,1.2128,0.2561,0.3594,5.065072321,4.768192629,14078
2019,Kevin Gausman,2 Tms,46,205,9,3.3261,2.7059,1.7609,0.2244,0.0829,0.1415,0.30994152,1.5217,0.3411,0.1466,5.127052954,4.443049757,14107
2019,Jose Berrios,MIN,86.2,343,8.6192,1.7654,4.8824,1.35,0.242,0.0496,0.1924,0.266666666,1.1654,0.3128,0.2681,3.940932273,4.102550762,14168
2019,Josh Hader,MIL,27.2,106,17.5662,2.6024,6.75,2.2771,0.5094,0.0755,0.434,0.166666666,0.8675,0.2571,0.6173,3.683888427,2.192208793,14212
2019,Brian Johnson,BOS,20,96,5.85,5.4,1.0833,1.8,0.1354,0.125,0.0104,0.341463414,2,0.3582,0.3779,6.314009476,6.598358005,14272
2019,Luke Bard,LAA,20.2,84,6.0968,1.7419,3.5,2.1774,0.1667,0.0476,0.119,0.32051282,1.4032,0.3333,0.2609,5.730134449,5.4725305,14288
2019,Frankie Montas,OAK,39.2,158,9.0756,2.042,4.4444,0.4538,0.2532,0.057,0.1962,0.255172413,1.1597,0.3333,0.4204,2.684598157,3.33298466,14309
2019,Tyler Glasnow,TBR,23.1,76,9.6429,0.7714,12.5,0.3857,0.3289,0.0263,0.3026,0.150684931,0.5571,0.2083,0.2586,1.88543615,2.692321335,14374
2019,Amir Garrett,CIN,26,110,12.1154,4.1538,2.9167,1.3846,0.3182,0.1091,0.2091,0.223404255,1.2692,0.3091,0.5732,4.367855629,3.591982326,14375
2019,Hyun-Jin Ryu,LAD,68.1,259,6.1902,1.5805,3.9167,0.922,0.1815,0.0463,0.1351,0.24680851,1.0244,0.267,0.4662,3.784741461,3.762998983,14444
2019,Adam Conley,MIA,32.1,144,5.2887,4.732,1.1176,1.3918,0.1319,0.1181,0.0139,0.289256198,1.6082,0.297,0.2979,5.811950298,6.139470951,14457
2019,Dereck Rodriguez,SFG,36.1,168,5.2018,3.7156,1.4,3.4679,0.125,0.0893,0.0357,0.32885906,1.7615,0.2991,-0.0441,8.388326149,6.007091368,14509
2019,Jose Leclerc,TEX,32,142,13.2188,6.1875,2.1364,0.8438,0.331,0.1549,0.1761,0.209090909,1.4063,0.3077,0.4367,4.026509476,4.796965358,14524
2019,Jorge Lopez,KCR,53.2,235,7.3789,3.354,2.2,2.0124,0.1872,0.0851,0.1021,0.330097087,1.6398,0.3567,0.1503,5.710902335,4.879763647,14527
2019,Carlos Estevez,COL,36,146,9.5,1.75,5.4286,1.25,0.2603,0.0479,0.2123,0.266666666,1.1944,0.3229,0.4444,3.491787253,4.227994769,14542
2019,Jose Ruiz,CHW,23.2,107,6.0845,4.9437,1.2308,1.1408,0.1495,0.1215,0.028,0.298850574,1.6479,0.3151,0.462,5.411189479,6.536982011,14552
2019,Chi Chi Gonzalez,COL,28.1,118,4.7647,3.1765,1.5,0.9529,0.1271,0.0847,0.0424,0.27184466,1.3412,0.2809,0.2299,4.696364161,5.355905075,14663
2019,Luis Perdomo,SDP,34.2,136,6.75,2.3365,2.8889,1.0385,0.1912,0.0662,0.125,0.256,1.1827,0.2887,0.2542,3.99285488,3.869997532,14682
2019,Edwin Diaz,NYM,24.2,111,14.2297,2.5541,5.5714,2.5541,0.3514,0.0631,0.2883,0.33,1.6216,0.4561,0.4167,4.714007448,3.444124427,14710
2019,Ty Buttrey,LAA,32.1,141,10.299,4.4536,2.3125,1.3918,0.2624,0.1135,0.1489,0.258333333,1.4536,0.325,0.4419,4.698547088,4.410848793,14719
2019,Wes Parsons,2 Tms,22.2,92,5.1618,6.75,0.7647,0.7941,0.1413,0.1848,-0.0435,0.246376811,1.5,0.2542,0.4658,5.596369424,6.028975367,14764
2019,Julio Urias,LAD,33,127,8.4545,3,2.8182,0.8182,0.2441,0.0866,0.1575,0.203539823,1.0303,0.25,0.3774,3.69885796,4.566524627,14765
2019,Emilio Pagan,TBR,22,89,10.2273,2.0455,5,1.2273,0.2809,0.0562,0.2247,0.253012048,1.1818,0.3214,0.7339,3.395827657,3.702724716,14771
2019,Buck Farmer,DET,33.2,142,9.3564,2.9406,3.1818,0.802,0.2465,0.0775,0.169,0.27118644,1.2772,0.3295,0.4795,3.718959471,4.155846924,14814
2019,Dylan Covey,CHW,26.2,133,7.425,4.725,1.5714,2.3625,0.1654,0.1053,0.0602,0.339285714,1.95,0.3563,0.1327,6.889004882,5.788958095,14825
2019,Michael Lorenzen,CIN,37.1,150,7.9554,2.8929,2.75,1.4464,0.22,0.08,0.14,0.244274809,1.1786,0.2653,0.5191,4.580082124,4.408959072,14843
2019,Zack Godley,2 Tms,37.2,170,5.2566,3.823,1.375,1.6726,0.1294,0.0941,0.0353,0.346938775,1.7788,0.3548,0.2234,5.815777085,5.617900633,14862
2019,Caleb Smith,MIA,61,246,8.8525,3.0984,2.8571,1.7705,0.2439,0.0854,0.1585,0.226851851,1.1475,0.245,0.1993,4.935320951,5.117178231,14875
2019,Jon Gray,COL,69.1,269,8.3077,3.1154,2.6667,0.649,0.2379,0.0892,0.1487,0.255319148,1.2115,0.3125,0.3636,3.34381723,3.754769492,14916
2019,Reyes Moronta,SFG,34.2,139,11.6827,4.1538,2.8125,1.0385,0.3237,0.1151,0.2086,0.184873949,1.0962,0.25,0.6105,3.675547493,4.069118099,14966
2019,Giovanny Gallegos,STL,27,99,11,2.6667,4.125,1,0.3333,0.0808,0.2525,0.16091954,0.8148,0.2115,0.5769,3.436231698,3.75997026,14986
2019,Scott Barlow,KCR,36,155,11.5,4.5,2.5556,0.75,0.2968,0.1161,0.1806,0.242424242,1.3889,0.3372,0.4603,3.40845392,4.203815031,14993
2019,Victor Alcantara,DET,22,89,3.6818,1.6364,2.25,2.0455,0.1011,0.0449,0.0562,0.329268292,1.4091,0.3143,0.4,6.032191294,5.428525518,15028
2019,German Marquez,COL,67,269,7.9254,1.6119,4.9167,1.6119,0.2193,0.0446,0.1747,0.295081967,1.2537,0.3279,0.1282,4.452815446,3.757387439,15038
2019,Tim Mayza,TOR,23.1,106,10.4143,6.9429,1.5,0.7714,0.2547,0.1698,0.0849,0.223529411,1.5857,0.2881,0.4094,4.328296782,4.322282907,15042
2019,Lou Trivino,OAK,34.2,141,7.5288,4.9327,1.5263,0.5192,0.2057,0.1348,0.0709,0.222222222,1.2981,0.2637,0.237,3.935162628,5.423017815,15043
2019,Trevor Gott,SFG,23.2,97,6.4648,2.2817,2.8333,0.7606,0.1753,0.0619,0.1134,0.261904761,1.1831,0.2857,0.2206,3.890064861,5.397050725,15046
2019,Hunter Wood,2 Tms,23.1,95,8.8714,3.0857,2.875,1.1571,0.2421,0.0842,0.1579,0.244186046,1.2429,0.2951,0.5242,3.942581945,4.913956862,15091
2019,Jimmy Yacabonis,BAL,20,90,4.5,5.4,0.8333,1.8,0.1111,0.1333,-0.0222,0.337662337,1.9,0.3438,0.3395,6.614009476,6.79889771,15157
2019,Glenn Sparkman,KCR,59.2,256,5.4302,2.4134,2.25,2.1117,0.1406,0.0625,0.0781,0.310043668,1.4581,0.3098,0.1771,6.163728498,5.947234205,15200
2019,Kevin McCarthy,KCR,34.2,156,4.9327,3.375,1.4615,0.7788,0.1218,0.0833,0.0385,0.303703703,1.5577,0.3193,0.5019,4.540931277,5.079977987,15240
2019,Adam Cimber,CLE,28.1,121,5.7177,3.8118,1.5,0.6353,0.1488,0.0992,0.0496,0.274509803,1.4118,0.3059,0.4612,4.555187524,5.111893715,15288
2019,Steven Brault,PIT,55.1,230,7.6446,3.253,2.35,1.6265,0.2043,0.087,0.1174,0.275862068,1.3735,0.3067,0.2308,5.11160098,4.559678252,15291
2019,Andrew Heaney,LAA,34,151,9.5294,2.6471,3.6,2.1176,0.2384,0.0662,0.1722,0.323529411,1.5882,0.383,0.3493,5.30224477,4.759181621,15423
2019,Matthew Boyd,DET,77,315,11.4545,2.4545,4.6667,2.3377,0.3111,0.0667,0.2444,0.26056338,1.2338,0.3103,0.2174,4.941282203,3.708867764,15440
2019,Nick Pivetta,PHI,45.1,192,7.9412,4.5662,1.7391,1.3897,0.2083,0.1198,0.0885,0.25,1.3897,0.2727,0.2399,5.044893175,4.57332384,15454
2019,Marco Gonzales,SEA,92,368,6.4565,2.0543,3.1429,0.587,0.1793,0.0571,0.1223,0.264264264,1.1848,0.3026,0.2294,3.442270345,4.648515549,15467
2019,Lucas Giolito,CHW,71.2,263,10.0465,2.7628,3.6364,1.1302,0.3042,0.0837,0.2205,0.182203389,0.907,0.2252,0.2247,3.576800004,3.887187001,15474
2019,Antonio Senzatela,COL,60.1,273,5.0718,5.6685,0.8947,1.3425,0.1245,0.1392,-0.0147,0.303964757,1.7735,0.3141,0.1992,5.965392211,5.60873813,15488
2019,Chad Green,NYY,29.1,123,11.6591,3.0682,3.8,0.6136,0.3089,0.0813,0.2276,0.242990654,1.2273,0.3429,0.3315,2.83900905,4.122689652,15552
2019,Nick Wittgren,CLE,23.1,87,11.9572,2.7,4.4286,0.7714,0.3563,0.0805,0.2759,0.2,0.9857,0.2979,0.4455,2.571151415,2.991396552,15594
2019,Miguel Castro,BAL,39,168,7.8462,5.5385,1.4167,1.1538,0.2024,0.1429,0.0595,0.253623188,1.5128,0.2857,0.4231,4.983240245,4.999747786,15684
2019,Luis Castillo,CIN,79.2,307,9.0377,3.1632,2.8571,1.0167,0.2606,0.0912,0.1694,0.207407407,1.0544,0.25,0.3134,3.803967388,3.908402121,15689
2019,Brad Keller,KCR,76,307,6.3947,3.5526,1.8,0.7105,0.1759,0.0977,0.0782,0.258426966,1.3026,0.2958,0.3383,4.161377897,4.81018285,15734
2019,Masahiro Tanaka,NYY,70.1,284,7.4218,2.9431,2.5217,1.5355,0.2042,0.081,0.1232,0.2734375,1.3223,0.3053,0.1943,4.806427292,4.539913505,15764
2019,Dario Agrazal,PIT,33,134,4.9091,2.1818,2.25,0.5455,0.1343,0.0597,0.0746,0.24137931,1.0909,0.2626,0.3234,4.274615536,5.837616427,15821
2019,Paul Fry,BAL,27.2,120,9.1084,5.5301,1.6471,0.9759,0.2333,0.1417,0.0917,0.252525252,1.5181,0.3188,0.2451,4.76822447,4.508970353,15832
2019,Adam Plutko,CLE,41.1,171,5.6613,3.0484,1.8571,1.0887,0.152,0.0819,0.0702,0.285714285,1.4032,0.312,0.2885,4.617236414,5.643457829,15846
2019,Wander Suero,WSN,32.1,127,10.299,3.3402,3.0833,0.8351,0.2913,0.0945,0.1969,0.252252252,1.2371,0.3378,0.1902,3.337720943,3.792625293,15855
2019,Ryne Stanek,2 Tms,28.1,124,10.1647,4.7647,2.1333,0.9529,0.2581,0.121,0.1371,0.273584905,1.5529,0.3514,0.3266,3.919890168,4.719842956,15947
2019,Daniel Ponce de Leon,STL,22.1,84,10.0746,4.0299,2.5,0.403,0.2976,0.119,0.1786,0.208333333,1.1194,0.2979,0.4065,3.034904732,3.610711999,16110
2019,David Hess,BAL,34.1,151,7.3398,2.8835,2.5455,2.8835,0.1854,0.0728,0.1126,0.32330827,1.5728,0.32,-0.0253,6.796537226,5.354574946,16130
2019,Justin Shafer,TOR,24.2,104,7.6622,5.473,1.4,1.0946,0.2019,0.1442,0.0577,0.238636363,1.4595,0.2769,0.6289,4.916709877,5.674288742,16132
2019,Aaron Nola,PHI,86.1,339,9.3822,3.2317,2.9032,0.9382,0.2655,0.0914,0.174,0.229729729,1.1467,0.2906,0.3463,3.769994246,3.958528614,16149
2019,Jace Fry,CHW,30.2,130,8.8043,5.8696,1.5,1.1739,0.2308,0.1538,0.0769,0.226415094,1.4348,0.2667,0.3807,5.007485787,4.349680875,16159
2019,Brandon Woodruff,MIL,49,192,8.0816,2.3878,3.3846,0.9184,0.2292,0.0677,0.1615,0.26744186,1.2041,0.3228,0.3636,3.724213557,4.386888827,16162
2019,Justin Anderson,LAA,24,118,11.625,6.75,1.7222,1.5,0.2627,0.1525,0.1102,0.302083333,1.9583,0.3906,0.4245,5.172342809,5.077765603,16201
2019,Spencer Turnbull,DET,69.2,304,8.1388,4.0048,2.0323,1.0335,0.2072,0.102,0.1053,0.297709923,1.5646,0.3571,0.3468,4.491520826,4.940314869,16207
2019,Kyle Freeland,COL,49,211,5.1429,3.3061,1.5556,1.6531,0.1327,0.0853,0.0474,0.291891891,1.4694,0.2922,0.0814,5.683397231,5.56902028,16256
2019,Aaron Bummer,CHW,36.1,128,7.1835,2.2294,3.2222,0.2477,0.2266,0.0703,0.1563,0.181034482,0.8257,0.2299,0.5882,2.883733944,3.128172646,16258
2019,John Means,BAL,58.2,235,6.1364,2.1477,2.8571,1.9943,0.1702,0.0596,0.1106,0.252336448,1.1591,0.2485,0.2462,5.600371756,5.635684904,16269
2019,Tyler Mahle,CIN,47.2,199,6.6084,2.6434,2.5,2.2657,0.1759,0.0704,0.1055,0.286516853,1.3636,0.2889,-0.0195,6.08813334,4.693328679,16358
2019,Reynaldo Lopez,CHW,88.2,357,7.7143,2.4361,3.1667,1.5226,0.2129,0.0672,0.1457,0.264797507,1.2293,0.2954,0.1613,4.680174338,4.881433992,16400
2019,Yonny Chirinos,TBR,45.2,177,8.2774,2.562,3.2308,0.7883,0.2373,0.0734,0.1638,0.26380368,1.2263,0.3305,0.2778,3.367294035,3.796740695,16401
2019,Ryan Yarbrough,TBR,47.2,193,5.6643,1.5105,3.75,1.6993,0.1554,0.0415,0.114,0.301136363,1.2797,0.3143,0.0735,5.2909311,4.922965499,16502
2019,Erik Swanson,SEA,21.2,89,8.7231,1.6615,5.25,3.7385,0.236,0.0449,0.191,0.273809523,1.2462,0.2545,-0.4167,7.229387913,4.49186769,16587
2019,Josh James,HOU,26,116,14.8846,6.2308,2.3889,1.7308,0.3707,0.1552,0.2155,0.21875,1.5,0.3333,0.3529,4.714009476,3.973691602,16794
2019,Tim Hill,KCR,25.1,97,8.8816,2.8421,3.125,1.0658,0.2577,0.0825,0.1753,0.209302325,1.0263,0.2542,0.5042,3.964010462,3.916441127,16814
2019,Luke Weaver,ARI,27,101,9.3333,1.3333,7,1,0.2772,0.0396,0.2376,0.2,0.8519,0.2462,0.2525,3.139935402,3.832045423,16918
2019,Touki Toussaint,ATL,20.1,100,8.8525,6.1967,1.4286,0.4426,0.2,0.14,0.06,0.303797468,1.8689,0.3833,0.4567,4.68942173,6.006675577,16929
2019,Elieser Hernandez,MIA,32.1,136,7.7938,3.3402,2.3333,2.5052,0.2059,0.0882,0.1176,0.24137931,1.2371,0.2289,0.1911,6.585146972,5.735071807,16933
2019,Sean Newcomb,ATL,27.2,121,8.7831,5.5301,1.5882,0.9759,0.2231,0.1405,0.0826,0.264705882,1.5904,0.3243,0.5276,4.515212727,4.831149979,16943
2019,Trevor Williams,PIT,62.1,266,5.631,3.0321,1.8571,1.4439,0.1466,0.0789,0.0677,0.315789473,1.492,0.3212,0.2439,5.203315352,5.575008379,16977
2019,Daniel Mengden,OAK,24.2,105,4.3784,5.473,0.8,1.0946,0.1143,0.1429,-0.0286,0.247191011,1.5,0.2533,0.2744,5.646438621,6.645947604,16980
2019,Tyler Beede,SFG,47,211,6.7021,4.4043,1.5217,1.5319,0.1659,0.109,0.0569,0.295081967,1.6383,0.3194,0.3293,5.469328624,5.415062667,16981
2019,Jefry Rodriguez,CLE,21.1,89,5.4844,4.6406,1.1818,0.4219,0.1461,0.1236,0.0225,0.27027027,1.4531,0.2969,0.3041,4.15151094,5.127285902,17018
2019,Ariel Jurado,TEX,57,242,5.2105,3.1579,1.65,1.5789,0.1364,0.0826,0.0537,0.323671497,1.5263,0.3202,0.0676,5.442079651,5.150583779,17030
2019,Pablo Lopez,MIA,47.2,192,6.986,2.0769,3.3636,1.1329,0.1927,0.0573,0.1354,0.284023668,1.2378,0.3182,0.1767,4.367854822,4.484217966,17085
2019,Raisel Iglesias,CIN,25.2,109,8.4156,3.1558,2.6667,2.1039,0.2202,0.0826,0.1376,0.288659793,1.4416,0.3188,0.4392,5.551668777,4.837754502,17130
2019,Domingo German,NYY,56,220,8.1964,2.7321,3,1.7679,0.2318,0.0773,0.1545,0.211055276,1.0536,0.223,0.2412,4.964009476,4.541730064,17149
2019,Yoan Lopez,ARI,23.2,95,3.8028,3.8028,1,0.7606,0.1053,0.1053,0,0.25,1.2676,0.2466,0.4412,4.735134094,5.233509945,17181
2019,Dinelson Lamet,SDP,32.2,136,12.1224,3.8571,3.1429,0.8265,0.3235,0.1029,0.2206,0.217391304,1.1939,0.3056,0.3439,3.275233903,3.542813462,17186
2019,Jalen Beeks,TBR,54,223,6.8333,3.3333,2.05,0.5,0.1839,0.0897,0.0942,0.260416666,1.2963,0.3052,0.3955,3.806602068,4.77888856,17192
2019,Ranger Suarez,PHI,24.1,90,7.0274,1.8493,3.8,1.1096,0.2111,0.0556,0.1556,0.227848101,0.9452,0.2419,0.4545,3.994832463,3.781811623,17277
2019,Thomas Pannone,TOR,33.2,151,7.7525,4.5445,1.7059,1.8713,0.1921,0.1126,0.0795,0.28125,1.5743,0.3085,0.2542,6.065491801,6.021361093,17281
2019,Framber Valdez,HOU,37.2,164,8.6018,4.5398,1.8947,1.1947,0.2195,0.1159,0.1037,0.258992805,1.4602,0.3039,0.2,4.700733824,4.031286212,17295
2019,Josh Taylor,BOS,20,80,9,4.05,2.2222,0.45,0.25,0.1125,0.1375,0.257142857,1.35,0.34,0.5469,3.214009476,4.254834475,17359
2019,Brett Martin,TEX,30.2,141,8.8043,3.5217,2.5,0.587,0.2128,0.0851,0.1277,0.296,1.5978,0.3646,0.3602,3.377052777,4.08599574,17369
2019,Erick Fedde,WSN,35.1,139,4.5849,4.0755,1.125,1.2736,0.1295,0.1151,0.0144,0.275862068,1.3585,0.2727,0.381,5.478162555,4.877101499,17425
2019,Jeff Hoffman,COL,28.2,126,8.1628,5.6512,1.4444,3.4535,0.2063,0.1429,0.0635,0.297029702,1.6744,0.2754,0.2601,8.481445211,6.060539339,17432
2019,Jack Flaherty,STL,72.1,264,9.3318,2.2396,4.1667,1.2442,0.2841,0.0682,0.2159,0.184873949,0.8571,0.2138,0.34,3.767005122,3.812306444,17479
2019,Diego Castillo,TBR,28.2,123,8.1628,4.7093,1.7333,1.2558,0.2114,0.122,0.0894,0.262135922,1.4651,0.3067,0.4315,5.097728215,4.602202458,17496
2019,Jordan Yamamoto,MIA,27.1,119,9.5488,5.5976,1.7059,2.3049,0.2437,0.1429,0.1008,0.257731958,1.5366,0.2857,0.1989,6.616452649,5.179354053,17585
2019,Mitch Keller,PIT,22,105,10.6364,3.2727,3.25,0.8182,0.2476,0.0762,0.1714,0.387096774,2,0.5,0.1896,3.259464021,3.795596374,17594
2019,Tanner Rainey,WSN,25,102,10.44,5.4,1.9333,1.08,0.2843,0.1471,0.1373,0.180722891,1.2,0.2264,0.4676,4.494009476,4.286669475,17610
2019,Taylor Clarke,ARI,33.2,135,7.7525,2.9406,2.6364,1.604,0.2148,0.0815,0.1333,0.24137931,1.1584,0.2529,0.092,4.966482988,4.835808394,17611
2019,Tyler Alexander,DET,25.2,102,8.0649,0.3506,23,0,0.2255,0.0098,0.2157,0.272727272,1.0909,0.3506,0.2759,1.655569942,3.980612758,17735
2019,Trey Wingenter,SDP,20.2,90,11.3226,4.3548,2.6,0.871,0.2889,0.1111,0.1778,0.253333333,1.4032,0.34,0.0709,3.697879663,4.172348537,17793
2019,Nestor Cortes,NYY,26.2,124,8.4375,3.0375,2.7778,2.3625,0.2016,0.0726,0.129,0.357142857,1.8375,0.4024,0.3731,5.876506147,5.298625252,17874
2019,Trent Thornton,TOR,67.1,290,8.4208,3.3416,2.52,1.7376,0.2172,0.0862,0.131,0.280632411,1.4257,0.3135,0.2934,5.144703501,5.086843396,17948
2019,Peter Lambert,COL,45.1,203,4.5662,4.9632,0.92,1.3897,0.1133,0.1232,-0.0099,0.301775147,1.6765,0.3014,0.2199,5.993423284,5.960649687,17969
2019,Ryan Helsley,STL,20.1,76,7.9672,2.2131,3.6,1.3279,0.2368,0.0658,0.1711,0.188405797,0.8852,0.2,0.5072,4.099256828,4.235650012,18138
2019,Jarlin Garcia,MIA,20.2,83,4.3548,4.3548,1,0.4355,0.1205,0.1205,0,0.228571428,1.2581,0.2419,0.4878,4.326910906,5.719166251,18282
2019,Tyler Kinley,MIA,23,105,8.2174,8.2174,1,0.7826,0.2,0.2,0,0.259259259,1.8261,0.3115,0.6378,5.257487736,6.116258836,18297
2019,Jacob Waguespack,TOR,34.1,135,6.8155,2.3592,2.8889,0.7864,0.1926,0.0667,0.1259,0.256,1.1942,0.3021,0.2116,3.709155587,4.774879637,18318
2019,Alex Young,ARI,30.2,127,5.8696,3.5217,1.6667,1.7609,0.1575,0.0945,0.063,0.252252252,1.3043,0.25,0.2761,5.724876312,5.321956992,18333
2019,Nick Anderson,2 Tms,27,112,11.3333,3.6667,3.0909,1.3333,0.3036,0.0982,0.2054,0.23,1.2593,0.3016,0.493,3.843639105,3.833244769,18337
2019,Jaime Barria,LAA,29,130,7.7586,3.1034,2.5,2.4828,0.1923,0.0769,0.1154,0.307692307,1.5862,0.3256,0.0559,6.214009476,5.714501361,18356
2019,Mike Soroka,ATL,77,282,6.5455,1.8701,3.5,0.2338,0.1986,0.0567,0.1418,0.232558139,0.987,0.2829,0.4593,2.8373861,3.86891742,18383
2019,Kenta Maeda,LAD,56,226,9.1607,3.6964,2.4783,1.125,0.2522,0.1018,0.1504,0.218274111,1.1786,0.2609,0.2098,4.089009476,4.453215358,18498
2019,Dylan Cease,CHW,29,133,10.2414,5.2759,1.9412,1.5517,0.2481,0.1278,0.1203,0.31858407,1.8276,0.4079,0.2917,5.145043958,4.481310692,18525
2019,Freddy Peralta,MIL,39.1,176,12.1271,4.3475,2.7895,1.8305,0.3011,0.108,0.1932,0.261437908,1.5,0.3333,0.1674,4.612315745,4.041741732,18679
2019,Sandy Alcantara,MIA,87.1,355,5.6679,3.2977,1.7188,1.0305,0.1549,0.0901,0.0648,0.256410256,1.2824,0.2767,0.3495,4.714010048,5.184296936,18684
2019,Kolby Allard,TEX,21,98,7.2857,3.8571,1.8889,1.2857,0.1735,0.0918,0.0816,0.313953488,1.7143,0.3529,0.3354,4.880676142,5.012739167,18694
2019,Dillon Peters,LAA,36.2,150,6.6273,1.7182,3.8571,2.4545,0.18,0.0467,0.1333,0.264705882,1.1727,0.2549,0.1515,6.186734046,5.136829652,18790
2019,Dakota Hudson,STL,78,324,6.3462,5.4231,1.1702,0.8077,0.1698,0.1451,0.0247,0.233716475,1.3846,0.2584,0.4702,5.00888127,5.0663413,19206
2019,Edgar Garcia,PHI,22,84,10.2273,5.7273,1.7857,1.2273,0.2976,0.1667,0.131,0.19402985,1.2273,0.2381,0.4386,4.623100385,4.839578994,19276
2019,Zac Gallen,2 Tms,36,139,10.5,4.25,2.4706,0.5,0.3022,0.1223,0.1799,0.2,1.1389,0.2857,0.5612,3.102898365,3.54104624,19291
2019,Trevor Richards,2 Tms,55.2,232,7.5988,3.8802,1.9583,1.4551,0.2026,0.1034,0.0991,0.270408163,1.3832,0.2953,0.4006,5.08227183,5.267466506,19309
2019,Cal Quantrill,SDP,41.1,183,6.9677,3.9194,1.7778,1.9597,0.1749,0.0984,0.0765,0.272151898,1.4758,0.2787,0.1587,5.947882648,5.331030632,19312
2019,Eric Lauer,SDP,63,269,8.8571,3.4286,2.5833,1.4286,0.2305,0.0892,0.1413,0.286919831,1.4603,0.3392,0.275,4.547342809,4.409907234,19316
2019,Joey Lucchesi,SDP,63.2,257,7.2094,3.6754,1.9615,1.2723,0.1984,0.1012,0.0973,0.236363636,1.2251,0.2544,0.2374,4.768982483,4.837174471,19320
2019,Hector Velazquez,BOS,23.1,105,5.7857,6.1714,0.9375,0.3857,0.1429,0.1524,-0.0095,0.329268292,1.8429,0.3714,0.2691,4.928297639,6.587700849,19341
2019,Walker Buehler,LAD,69.2,277,10.7225,1.8086,5.9286,1.1627,0.2996,0.0505,0.2491,0.25,1.1053,0.3214,0.2077,3.242717596,3.504908858,19374
2019,Colin Poche,TBR,23,89,13.6957,3.1304,4.375,1.9565,0.3933,0.0899,0.3034,0.181818181,0.9565,0.2368,0.1111,4.43140078,3.76749413,19403
2019,Shane Bieber,CLE,73.1,284,10.6773,1.4727,7.25,1.1045,0.3063,0.0423,0.2641,0.257575757,1.0909,0.345,0.2901,3.132191257,3.164268811,19427
2019,Shaun Anderson,SFG,45,187,5.2,3.2,1.625,0.6,0.139,0.0856,0.0535,0.307228915,1.4889,0.338,0.2548,3.991787253,4.937508168,19453
2019,Aaron Civale,CLE,22.2,80,5.5588,2.7794,2,0.3971,0.175,0.0875,0.0875,0.208955223,0.9265,0.2241,0.3061,3.478714969,4.923642342,19479
2019,Devin Smeltzer,MIN,22.2,81,5.1618,1.1912,4.3333,0.3971,0.1605,0.037,0.1235,0.243589743,0.9706,0.2813,0.2913,3.037539148,4.745743382,19487
2019,Jon Duplantier,ARI,21.1,87,7.1719,4.6406,1.5455,0.8438,0.1954,0.1264,0.069,0.253521126,1.3594,0.2963,0.4795,4.807761966,5.547137661,19546
2019,Gregory Soto,DET,30.2,140,7.0435,4.1087,1.7143,1.7609,0.1714,0.1,0.0714,0.325203252,1.7609,0.3542,0.3947,5.56183301,5.742701739,19677
2019,Yoshihisa Hirano,ARI,27.1,120,8.2317,4.6098,1.7857,1.3171,0.2083,0.1167,0.0917,0.257425742,1.4634,0.2933,0.3846,5.043279999,4.960236497,19756
2019,Griffin Canning,LAA,34,145,9.5294,3.9706,2.4,1.0588,0.2483,0.1034,0.1448,0.260162601,1.3824,0.3182,0.2995,4.125774181,5.346147018,19867
2019,Jose Suarez,LAA,41.2,175,7.128,1.944,3.6667,2.376,0.1886,0.0514,0.1371,0.299363057,1.344,0.3103,0.1502,6.142007133,5.240277737,19911
2019,Zach Plesac,CLE,46.2,174,5.7857,3.4714,1.6667,0.5786,0.1724,0.1034,0.069,0.222222222,1.1143,0.2541,0.3484,3.985437496,5.281014301,19979
2019,Chris Paddack,SDP,45.2,191,6.1095,1.9708,3.1,1.7737,0.1623,0.0524,0.1099,0.263157894,1.2044,0.2609,0.3084,5.272402134,5.280354253,20099
2019,Brendan McKay,TBR,20.2,91,11.3226,3.9193,2.8889,1.3064,0.2857,0.0989,0.1868,0.2625,1.4516,0.3396,0.1163,3.891427738,4.506879306,20186
2019,Nick Margevicius,SDP,22.1,108,6.4478,4.8358,1.3333,1.6119,0.1481,0.1111,0.037,0.354838709,2.0149,0.3816,0.1777,5.721475905,5.174495281,20395
2019,Elvis Luciano,TOR,23,96,6.6522,5.4783,1.2143,1.1739,0.1771,0.1458,0.0313,0.202531645,1.3043,0.2167,0.4676,5.518357302,6.244347071,20632
2019,Yusei Kikuchi,SEA,69.1,294,6.101,2.726,2.2381,0.9087,0.1599,0.0714,0.0884,0.296577946,1.4279,0.3318,0.2548,4.295740765,4.905502511,20633