Season,Name,Tm,IP,TBF,K/9,BB/9,K/BB,HR/9,K%,BB%,K-BB%,AVG,WHIP,BABIP,LOB%,FIP,xFIP,playerId
2018,Bartolo Colon,TEX,86.1,373,5.3166,1.0425,5.1,2.0849,0.1367,0.0268,0.1099,0.275,1.2625,0.2734,1,5.44290658,4.267868089,375
2018,CC Sabathia,NYY,87.2,389,9.9582,2.6692,3.7308,1.5399,0.2494,0.0668,0.1825,0.246498599,1.3004,0.298,1,4.267515875,3.795275037,404
2018,Fernando Rodney,2 Tms,31.2,147,9.9474,3.6947,2.6923,1.4211,0.2381,0.0884,0.1497,0.278195488,1.5789,0.3441,1,4.32947224,3.893685374,494
2018,Marco Estrada,TOR,82,372,8.0122,3.4024,2.3548,2.0854,0.1962,0.0833,0.1129,0.269230769,1.4878,0.2915,1,5.600076808,5.327145751,1118
2018,Tommy Hunter,PHI,34,151,8.2059,1.8529,4.4286,1.3235,0.2053,0.0464,0.1589,0.286713286,1.4118,0.3364,1,3.955170065,3.500712798,1157
2018,Adam Ottavino,COL,41.1,174,15.6774,4.5726,3.4286,0.6532,0.4138,0.1207,0.2931,0.149659863,1.0403,0.2603,1,2.507826085,2.683113873,1247
2018,Sean Doolittle,WSN,30.2,112,12.0326,1.1739,10.25,0.587,0.3661,0.0357,0.3304,0.113207547,0.5217,0.1587,1,1.921923331,2.528235964,1581
2018,Edwin Jackson,OAK,52.1,232,6.535,4.1274,1.5833,1.8917,0.1638,0.1034,0.0603,0.22330097,1.3376,0.2229,1,5.931754819,5.345318013,1841
2018,Matt Moore,TEX,58.2,261,6.9034,2.9148,2.3684,1.3807,0.1724,0.0728,0.0996,0.266666666,1.4148,0.2957,1,4.695142455,5.121941618,1890
2018,Zack Greinke,ARI,131.2,550,9.0228,1.4354,6.2857,1.4354,0.24,0.0382,0.2018,0.240458015,1.1165,0.283,1,3.821811744,3.341470986,1943
2018,Ivan Nova,PIT,88.1,402,6.4189,2.2415,2.8636,1.7321,0.1567,0.0547,0.102,0.286472148,1.4717,0.3064,1,5.085581446,4.733910403,1994
2018,Clayton Kershaw,LAD,101.1,410,8.8816,1.1546,7.6923,1.3322,0.2439,0.0317,0.2122,0.220812182,0.9868,0.2562,1,3.526184117,3.019840334,2036
2018,Hector Rondon,HOU,33.2,142,11.495,2.9406,3.9091,0.5347,0.3028,0.0775,0.2254,0.229007633,1.2178,0.3256,1,2.359073015,3.205704796,2391
2018,Corey Kluber,CLE,134.2,548,10.2252,1.4703,6.9545,0.9356,0.2792,0.0401,0.2391,0.226666666,1.047,0.2933,1,2.752636678,2.836094328,2429
2018,Lance Lynn,2 Tms,79.2,370,9.3766,4.1799,2.2432,0.4519,0.2243,0.1,0.1243,0.25304878,1.5063,0.3278,1,3.31167997,4.089438328,2520
2018,Jhoulys Chacin,MIL,115,489,8.2957,2.8957,2.8649,0.9391,0.2168,0.0757,0.1411,0.214446952,1.1478,0.2554,1,3.874095896,4.255360478,2608
2018,Rick Porcello,BOS,116.2,487,8.7171,1.9286,4.52,1.3886,0.232,0.0513,0.1807,0.214601769,1.0457,0.2461,1,4.129623569,3.92181035,2717
2018,Kenley Jansen,LAD,41.2,177,10.368,2.16,4.8,2.376,0.2712,0.0565,0.2147,0.224242424,1.128,0.2453,1,5.153050824,3.742628833,3096
2018,Tony Watson,SFG,36.1,142,9.9083,1.9817,5,0.2477,0.2817,0.0563,0.2254,0.186567164,0.9083,0.2581,1,1.977565094,2.938029402,3132
2018,Max Scherzer,WSN,141.1,563,12.3538,2.2288,5.5429,0.8278,0.3446,0.0622,0.2824,0.18234165,0.9198,0.2611,1,2.503033395,3.083544109,3137
2018,David Price,BOS,103,444,8.5631,2.7961,3.0625,1.0485,0.2207,0.0721,0.1486,0.245098039,1.2816,0.2953,1,3.821246592,4.166754858,3184
2018,Will Harris,HOU,32,132,9.8438,2.5313,3.8889,0.2813,0.2652,0.0682,0.197,0.204918032,1.0625,0.2791,1,2.317302418,2.84008591,3192
2018,Francisco Liriano,DET,71,332,7.8592,5.1972,1.5122,1.2676,0.1867,0.1235,0.0633,0.246527777,1.5775,0.2824,1,5.104714389,4.855557019,3201
2018,T.J. McFarland,ARI,36.1,164,6.1927,2.9725,2.0833,0.9908,0.1524,0.0732,0.0793,0.269736842,1.4587,0.3008,1,4.206924937,3.548505709,3237
2018,Anibal Sanchez,ATL,80.2,340,9.8182,2.9008,3.3846,1.1157,0.2588,0.0765,0.1824,0.221153846,1.1777,0.2757,1,3.632126603,3.740419966,3284
2018,Danny Duffy,KCR,86.1,387,9.1737,3.7529,2.4444,1.251,0.2274,0.093,0.1344,0.248571428,1.4247,0.3,1,4.215106879,4.53166232,3542
2018,Clay Buchholz,ARI,59,247,6.5593,1.2203,5.375,1.2203,0.1741,0.0324,0.1417,0.25210084,1.1525,0.2781,1,3.923764282,4.176582707,3543
2018,Clayton Richard,SDP,86.2,383,6.75,3.2192,2.0968,0.9346,0.1697,0.0809,0.0888,0.244956772,1.3385,0.2784,1,4.257205842,4.050631759,3551
2018,Jim Johnson,LAA,33,145,7.6364,3.8182,2,1.0909,0.1931,0.0966,0.0966,0.229007633,1.3333,0.2626,1,4.312567569,4.088131437,3656
2018,Yusmeiro Petit,OAK,52.1,213,6.879,1.8917,3.6364,1.8917,0.1878,0.0516,0.1362,0.217821782,1.051,0.2185,1,4.99544849,4.629928494,4020
2018,Hector Santiago,CHW,48,234,9.375,6,1.5625,1.6875,0.2137,0.1368,0.0769,0.261306532,1.75,0.3071,1,5.702719084,5.708233084,4026
2018,Pedro Strop,CHC,30.1,129,9.4945,2.967,3.2,0.8901,0.2481,0.0775,0.1705,0.188034188,1.0549,0.2317,1,3.523690179,3.925890666,4070
2018,Derek Holland,SFG,95.1,427,10.3846,3.5874,2.8947,1.2273,0.2576,0.089,0.1686,0.241558441,1.3741,0.3053,1,3.947765979,3.872852802,4141
2018,Jake Arrieta,PHI,94,425,8.8085,3.2553,2.7059,1.0532,0.2165,0.08,0.1365,0.252577319,1.4043,0.3042,1,3.873818375,3.775742024,4153
2018,David Hernandez,CIN,34,146,10.0588,2.3824,4.2222,1.3235,0.2603,0.0616,0.1986,0.227272727,1.1471,0.2809,1,4.072817123,4.395590492,4259
2018,Tyler Chatwood,CHC,45.2,236,7.6861,11.4306,0.6724,0.5912,0.1653,0.2458,-0.0805,0.217142857,2.1022,0.2632,1,6.314334787,6.83465646,4338
2018,Jeremy Hellickson,WSN,59,242,6.8644,1.3729,5,1.2203,0.186,0.0372,0.1488,0.222707423,1.0169,0.2443,1,4.059357502,3.976254212,4371
2018,Jordan Zimmermann,DET,80.2,348,8.2562,2.1198,3.8947,1.6736,0.2126,0.0546,0.158,0.250764525,1.2521,0.2815,1,4.524688218,4.19573885,4505
2018,Jason Hammel,KCR,69,311,6.7826,1.9565,3.4667,0.913,0.1672,0.0482,0.119,0.298305084,1.4928,0.3432,1,3.668298794,4.59948458,4538
2018,Brandon McCarthy,ATL,41,194,6.8049,3.5122,1.9375,2.4146,0.1598,0.0825,0.0773,0.308988764,1.7317,0.3235,1,6.307393881,4.672620577,4662
2018,Charlie Morton,HOU,103,431,11.6214,2.6214,4.4333,1.3981,0.3086,0.0696,0.239,0.213740458,1.1068,0.2787,1,3.704741738,3.000202302,4676
2018,Felix Hernandez,SEA,91,407,7.6154,3.3626,2.2647,1.7802,0.1892,0.0835,0.1057,0.245231607,1.3626,0.2637,1,5.325887582,4.569420657,4772
2018,Rich Hill,LAD,80.1,340,11.2033,2.4647,4.5455,0.6722,0.2941,0.0647,0.2294,0.216129032,1.1079,0.299,1,2.762712004,3.43651985,4806
2018,Mike Montgomery,CHC,62.1,296,6.7861,3.3209,2.0435,1.0107,0.1588,0.0777,0.0811,0.294117647,1.6524,0.3349,1,4.268004881,4.318412298,4869
2018,Jon Lester,CHC,102,460,7.5,3.2647,2.2973,1.5,0.1848,0.0804,0.1043,0.265550239,1.451,0.2975,1,4.896346535,4.753717979,4930
2018,Cole Hamels,2 Tms,102.1,468,9.2345,3.43,2.6923,1.671,0.2244,0.0833,0.141,0.246376811,1.3779,0.2842,1,5.047046517,4.247321597,4972
2018,Jeurys Familia,2 Tms,43.2,175,10.5114,3.0916,3.4,0.4122,0.2914,0.0857,0.2057,0.175,0.9847,0.243,1,2.451129296,3.217345738,5114
2018,Wade LeBlanc,SEA,95.2,414,6.9617,2.9164,2.3871,1.3171,0.1787,0.0749,0.1039,0.246073298,1.3066,0.2721,1,4.519936961,4.65468167,5221
2018,Blake Parker,LAA,34,155,9.5294,3.7059,2.5714,2.1176,0.2323,0.0903,0.1419,0.264285714,1.5,0.3021,1,5.4257583,4.455742101,5224
2018,Jose Alvarez,LAA,34.2,147,8.0481,2.5962,3.1,0.5192,0.2109,0.068,0.1429,0.220588235,1.1538,0.2718,1,3.07451404,3.80143838,5358
2018,Brad Peacock,HOU,41.2,171,13.392,1.944,6.8889,1.944,0.3626,0.0526,0.3099,0.217391304,1.056,0.2889,1,3.713051976,2.649158371,5401
2018,Jesse Chavez,2 Tms,56,229,9.3214,1.2857,7.25,1.125,0.2533,0.0349,0.2183,0.23076923,1.0536,0.2821,1,3.143195276,3.169810373,5448
2018,Madison Bumgarner,SFG,72.2,314,8.0505,1.8578,4.3333,0.9908,0.207,0.0478,0.1592,0.240677966,1.1835,0.2838,1,3.587657726,4.042942653,5524
2018,Tyler Clippard,TOR,36.1,164,11.1468,2.7248,4.0909,2.2294,0.2744,0.0671,0.2073,0.271523178,1.4312,0.3299,1,4.977567845,4.621193698,5640
2018,Junior Guerra,MIL,77,354,9.4675,3.6234,2.6129,1.2857,0.2288,0.0876,0.1412,0.272727272,1.5325,0.3333,1,4.238974495,4.183593564,5702
2018,Dellin Betances,NYY,37,158,16.2973,3.8919,4.1875,1.4595,0.4241,0.1013,0.3228,0.194244604,1.1622,0.3182,1,3.188079445,2.106650992,6216
2018,Trevor Cahill,OAK,65.2,274,8.3604,3.5634,2.3462,0.4112,0.2226,0.0949,0.1277,0.191836734,1.1117,0.2431,1,3.221966092,3.734723157,6249
2018,Chris Archer,2 Tms,79,358,11.1646,2.5063,4.4545,1.1392,0.2737,0.0615,0.2123,0.277108433,1.443,0.3661,1,3.312951152,3.193557508,6345
2018,Jake Odorizzi,MIN,91.1,406,8.4745,3.8431,2.2051,0.9854,0.2118,0.0961,0.1158,0.243835616,1.4015,0.2937,1,4.047914055,5.065812656,6397
2018,Steve Cishek,CHC,38.1,151,9.1565,2.8174,3.25,0.7043,0.2583,0.0795,0.1788,0.167883211,0.913,0.2105,1,3.239313355,3.643747574,6483
2018,Blaine Hardy,DET,50.1,213,6.9735,2.5033,2.7857,1.4305,0.1831,0.0657,0.1174,0.24120603,1.2318,0.2632,1,4.51204669,4.61151556,6499
2018,Alex Cobb,BAL,92.1,405,7.1155,2.5343,2.8077,1.4621,0.1802,0.0642,0.116,0.258575197,1.343,0.2852,1,4.536504178,4.231231052,6562
2018,Carlos Carrasco,CLE,117.2,488,11.7025,1.4533,8.0526,0.7649,0.3135,0.0389,0.2746,0.237068965,1.0963,0.3322,1,2.277199978,2.477768227,6632
2018,Craig Kimbrel,BOS,38.2,151,14.1983,3.7241,3.8125,1.3966,0.404,0.106,0.298,0.127819548,0.8534,0.1667,1,3.419672884,3.025570821,6655
2018,Alex Colome,2 Tms,32.2,147,11.5714,2.7551,4.2,0.8265,0.2857,0.068,0.2177,0.244444444,1.3163,0.3333,1,2.885542496,3.006215613,6661
2018,Julio Teheran,ATL,108.1,454,8.64,4.1538,2.08,1.2462,0.2291,0.1101,0.1189,0.182044887,1.1354,0.2057,1,4.50874514,4.599209219,6797
2018,Chase Anderson,MIL,95,416,7.5789,3.7895,2,2.0842,0.1923,0.0962,0.0962,0.229110512,1.3158,0.2342,1,5.908420839,5.192770238,6895
2018,Martin Perez,TEX,37.2,196,5.9734,5.0177,1.1905,2.8673,0.1276,0.1071,0.0204,0.342857142,2.1504,0.3478,1,7.647774111,5.347807141,6902
2018,Joakim Soria,2 Tms,33,138,10.9091,1.6364,6.6667,0.2727,0.2899,0.0435,0.2464,0.221374045,1.0606,0.3111,1,1.767113025,2.924690843,6941
2018,Ian Kennedy,KCR,71.1,310,8.4533,2.6495,3.1905,1.2617,0.2161,0.0677,0.1484,0.256944444,1.3318,0.3033,1,4.030211702,4.268441866,6986
2018,Ryan Pressly,2 Tms,40,156,13.05,1.575,8.2857,0.9,0.3718,0.0449,0.3269,0.182432432,0.85,0.2674,1,2.161052418,2.182344496,7005
2018,James Shields,CHW,127,538,7.1575,2.9055,2.4634,1.4173,0.1877,0.0762,0.1115,0.218367346,1.1654,0.2358,1,4.751603599,4.824148961,7059
2018,Craig Stammen,SDP,46,173,11.3478,0.3913,29,0.1957,0.3353,0.0116,0.3237,0.187134502,0.7391,0.2768,1,1.052356766,1.882793027,7274
2018,Brad Ziegler,2 Tms,37.1,165,6.9911,2.1696,3.2222,1.6875,0.1758,0.0545,0.1212,0.270967741,1.3661,0.2941,1,4.848553924,3.207366881,7293
2018,Dan Otero,CLE,30.2,136,8.2174,0.2935,28,2.3478,0.2059,0.0074,0.1985,0.291044776,1.3043,0.3163,1,4.921920069,2.715472429,7385
2018,J.A. Happ,2 Tms,108.2,458,9.3589,2.4018,3.8966,1.5736,0.2467,0.0633,0.1834,0.218009478,1.1135,0.2509,1,4.320561264,4.114607217,7410
2018,Wade Davis,COL,42,164,10.5,3,3.5,0.6429,0.2988,0.0854,0.2134,0.161073825,0.9048,0.2165,1,2.827719085,3.550762754,7441
2018,Gio Gonzalez,2 Tms,88,413,8.3864,5.1136,1.64,0.5114,0.1985,0.1211,0.0775,0.26519337,1.6591,0.3309,1,3.774688781,4.424910568,7448
2018,Collin McHugh,HOU,47.1,184,12.169,2.662,4.5714,0.7606,0.3478,0.0761,0.2717,0.155688622,0.8451,0.2222,1,2.632883032,3.244062472,7531
2018,Jake McGee,COL,31,136,6.9677,2.9032,2.4,1.1613,0.1765,0.0735,0.1029,0.241935483,1.2903,0.2708,1,4.451374998,4.74523818,7550
2018,Nick Vincent,SEA,36.2,142,8.1,1.2273,6.6,0.9818,0.2324,0.0352,0.1972,0.164179104,0.7364,0.1856,1,3.433779442,4.402931294,7555
2018,Jordan Lyles,2 Tms,49.1,215,9.8514,2.5541,3.8571,1.0946,0.2512,0.0651,0.186,0.251256281,1.2973,0.3165,1,3.525917529,3.484855904,7593
2018,Mike Fiers,2 Tms,104.2,450,7.8248,1.5478,5.0556,1.8057,0.2022,0.04,0.1622,0.269767441,1.2803,0.2987,1,4.603727117,4.315071981,7754
2018,Tyson Ross,2 Tms,85.1,375,7.6992,4.2188,1.825,1.3711,0.1947,0.1067,0.088,0.221212121,1.3242,0.2459,1,5.012615641,4.406342029,7872
2018,Jason Vargas,NYM,53.2,237,8.8882,3.1863,2.7895,1.3416,0.2236,0.0802,0.1435,0.254629629,1.3789,0.3032,1,4.297697674,4.052458642,8044
2018,Will Smith,SFG,32.2,123,11.8469,1.6531,7.1667,0.2755,0.3496,0.0488,0.3008,0.153846153,0.7347,0.2329,1,1.477380667,2.545650123,8048
2018,Dan Jennings,MIL,30.1,138,8.3077,3.8571,2.1538,1.4835,0.2029,0.0942,0.1087,0.266129032,1.5165,0.3077,1,4.842372946,4.00628727,8073
2018,Jaime Garcia,2 Tms,48.1,216,10.2414,4.469,2.2917,1.4897,0.2546,0.1111,0.1435,0.230366492,1.4069,0.2813,1,4.588639609,4.077139768,8137
2018,Yovani Gallardo,2 Tms,50,239,5.94,5.04,1.1786,1.08,0.1381,0.1172,0.0209,0.263157894,1.66,0.2882,1,5.201052418,5.722087441,8173
2018,Brett Anderson,OAK,48,206,6.375,1.3125,4.8571,0.9375,0.165,0.034,0.1311,0.262626262,1.2292,0.2956,1,3.598552418,3.620731666,8223
2018,David Robertson,NYY,36.1,149,11.6422,3.7156,3.1333,0.2477,0.3154,0.1007,0.2148,0.171641791,1.0459,0.2558,1,2.170225821,3.039775453,8241
2018,Homer Bailey,CIN,58.1,271,6.6343,1.8514,3.5833,1.5429,0.1587,0.0443,0.1144,0.303501945,1.5429,0.3333,1,4.635338974,4.247138433,8362
2018,Justin Verlander,HOU,141,566,12.1915,1.4043,8.6818,1.3404,0.3375,0.0389,0.2986,0.213754646,0.9716,0.2883,1,2.983747454,3.109167718,8700
2018,Tanner Roark,WSN,101,443,7.8416,1.9604,4,1.2475,0.1986,0.0497,0.149,0.262650602,1.297,0.3035,1,4.052141526,4.147065798,8753
2018,Wade Miley,MIL,44,188,5.5227,2.8636,1.9286,0.4091,0.1436,0.0745,0.0691,0.222222222,1.1818,0.2535,1,3.68377969,4.294045216,8779
2018,Andrew Cashner,BAL,80,373,6.3,3.15,2,1.9125,0.1501,0.0751,0.0751,0.30116959,1.6375,0.3197,1,5.686052418,5.091297234,8782
2018,John Axford,2 Tms,32.2,136,8.2653,3.5816,2.3077,0.551,0.2206,0.0956,0.125,0.18852459,1.102,0.2333,1,3.405950127,3.924582023,9059
2018,Kirby Yates,SDP,34.2,147,11.9423,2.3365,5.1111,1.2981,0.3129,0.0612,0.2517,0.220588235,1.125,0.2941,1,3.334129174,2.936054597,9073
2018,Brad Hand,2 Tms,35,156,13.6286,3.0857,4.4167,1.0286,0.3397,0.0769,0.2628,0.231884057,1.2571,0.3457,1,3.161052418,2.902252205,9111
2018,Nathan Eovaldi,2 Tms,67,279,9.2687,1.4776,6.2727,1.4776,0.2473,0.0394,0.2079,0.233082706,1.0896,0.2742,1,3.817768835,3.40900849,9132
2018,Alex Wilson,DET,36.2,144,7.1182,1.4727,4.8333,1.4727,0.2014,0.0417,0.1597,0.210144927,0.9545,0.2233,1,4.197415112,3.601640563,9239
2018,Patrick Corbin,ARI,123,497,11.0488,1.6098,6.8636,0.5122,0.3038,0.0443,0.2596,0.214437367,1,0.3003,1,2.079751605,2.427563173,9323
2018,Jared Hughes,CIN,41.1,166,8.0565,2.1774,3.7,0.6532,0.2229,0.0602,0.1627,0.206451612,1.0161,0.2522,1,3.112665283,3.008243836,9325
2018,Josh Tomlin,CLE,39.1,186,6.8644,1.3729,5,4.1186,0.1613,0.0323,0.129,0.33519553,1.678,0.3206,1,8.118683738,4.9828729,9388
2018,Doug Fister,TEX,33.1,158,6.48,2.97,2.1818,1.89,0.1519,0.0696,0.0823,0.291666666,1.59,0.3097,1,5.711054968,4.566604318,9425
2018,Dallas Keuchel,HOU,113.2,494,6.4927,1.9795,3.28,0.7126,0.166,0.0506,0.1154,0.255863539,1.2757,0.2937,1,3.407386656,3.729382493,9434
2018,Dan Straily,MIA,75.1,325,7.646,3.9425,1.9394,1.4336,0.1969,0.1015,0.0954,0.21875,1.2743,0.2406,1,5.006185977,5.083950786,9460
2018,Jeremy Jeffress,MIL,43.2,175,11.9542,2.4733,4.8333,0.8244,0.3314,0.0686,0.2629,0.191358024,0.9847,0.27,1,2.588533772,2.494568297,9490
2018,Bud Norris,STL,31.1,137,10.0532,3.1596,3.1818,1.4362,0.2555,0.0803,0.1752,0.233870967,1.2766,0.2857,1,4.246159955,3.963869655,9492
2018,Joe Kelly,BOS,32.2,148,9.0918,4.9592,1.8333,0.8265,0.223,0.1216,0.1014,0.212598425,1.3775,0.2637,1,4.263092109,4.586003605,9761
2018,Garrett Richards,LAA,43.2,193,10.9237,4.1221,2.65,0.8244,0.2746,0.1036,0.171,0.215116279,1.3053,0.287,1,3.36715913,3.462309745,9784
2018,Miles Mikolas,STL,122,499,7.8197,1.2541,6.2353,0.6639,0.2124,0.0341,0.1784,0.227557411,1.0328,0.2747,1,2.874167173,3.12001753,9803
2018,Sergio Romo,TBR,38.1,159,10.3304,2.5826,4,1.8783,0.2767,0.0692,0.2075,0.222972972,1.1478,0.2604,1,4.439314399,3.665122754,9817
2018,Brandon Kintzler,2 Tms,31,142,6.0968,2.0323,3,0.871,0.1479,0.0493,0.0986,0.287878787,1.4516,0.3241,1,4.032020159,4.532126554,9939
2018,Mike Minor,TEX,96.2,404,8.1931,1.769,4.6316,1.5828,0.2178,0.047,0.1708,0.236220472,1.1276,0.2645,1,4.340362356,4.224036025,10021
2018,Kyle Gibson,MIN,107,487,10.0935,4.3738,2.3077,1.3458,0.2464,0.1068,0.1396,0.25,1.4953,0.3108,1,4.404043072,3.88019811,10123
2018,Mike Leake,SEA,107.1,469,5.1988,1.9286,2.6957,1.0062,0.1322,0.049,0.0832,0.258503401,1.2764,0.2772,1,4.213847776,4.437692992,10130
2018,Stephen Strasburg,WSN,77.1,329,11.056,2.3276,4.75,1.6293,0.2888,0.0608,0.228,0.238562091,1.2026,0.2995,1,3.949845861,3.283607549,10131
2018,Tyler Skaggs,LAA,68.1,310,9.6146,2.7659,3.4762,1.0537,0.2355,0.0677,0.1677,0.277777777,1.478,0.3478,1,3.512272101,3.754729324,10190
2018,Ryan Tepera,TOR,31,138,10.7419,3.1935,3.3636,1.7419,0.2681,0.0797,0.1884,0.264,1.4194,0.3293,1,4.548149192,3.896746883,10291
2018,Zack Wheeler,NYM,108.1,443,10.0523,2.6585,3.7813,0.5815,0.2731,0.0722,0.2009,0.196560196,1.0338,0.2616,1,2.764129219,3.3724688,10310
2018,Robbie Erlin,SDP,61.2,257,8.4649,0.7297,11.6,1.1676,0.2257,0.0195,0.2062,0.246031746,1.0865,0.2903,1,3.20970104,3.023059717,10354
2018,Mychal Givens,BAL,39,160,10.3846,2.3077,4.5,0.2308,0.2813,0.0625,0.2188,0.206666666,1.0513,0.2885,1,1.955924213,3.316555082,10430
2018,Chad Bettis,COL,65,296,7.2,4.1538,1.7333,1.5231,0.1757,0.1014,0.0743,0.260377358,1.5231,0.2871,1,5.191821648,4.694255673,10587
2018,Scott Alexander,LAD,32,141,9.5625,4.7813,2,0.5625,0.2411,0.1206,0.1206,0.225806451,1.4063,0.2955,1,3.442302418,3.24915808,10591
2018,Chris Sale,BOS,97,395,13.1753,2.134,6.1739,0.8351,0.3595,0.0582,0.3013,0.20054945,0.9897,0.3005,1,2.398165821,2.503056155,10603
2018,Shane Greene,DET,37.1,166,8.4375,3.1339,2.6923,1.6875,0.2108,0.0783,0.1325,0.245033112,1.3393,0.2752,1,4.928911139,4.526436526,10756
2018,Mike Foltynewicz,ATL,112.1,461,10.2552,2.9644,3.4595,0.8813,0.2777,0.0803,0.1974,0.188095238,1.0326,0.2411,1,3.223366976,3.611787027,10811
2018,Jacob deGrom,NYM,132.1,534,11.6297,1.8363,6.3333,0.4081,0.3202,0.0506,0.2697,0.202380952,0.9748,0.2936,1,1.846190626,2.467399834,10954
2018,Vince Velasquez,PHI,84,368,10.9286,3.8571,2.8333,0.9643,0.2772,0.0978,0.1793,0.231003039,1.3333,0.3073,1,3.518195275,3.934249906,11189
2018,Jose Quintana,CHC,102.1,448,8.5309,2.9902,2.8529,1.3192,0.2165,0.0759,0.1406,0.244552058,1.3192,0.2857,1,4.196883374,4.115116306,11423
2018,Drew Pomeranz,BOS,35.2,181,8.3271,7.0654,1.1786,1.2617,0.1823,0.1547,0.0276,0.289473684,2.0187,0.3421,1,5.572265117,5.370579187,11426
2018,Jesse Biddle,ATL,32.2,146,9.9184,3.8571,2.5714,0.8265,0.2466,0.0959,0.1507,0.246153846,1.4082,0.3187,1,3.620235622,3.437551175,11437
2018,Bryan Mitchell,SDP,34.1,173,5.5049,7.0777,0.7778,1.3107,0.1214,0.1561,-0.0347,0.284722222,1.9806,0.3051,1,6.364939023,6.251630912,11479
2018,Robbie Ray,ARI,66,304,12.1364,6,2.0227,1.2273,0.2928,0.1447,0.148,0.22265625,1.5303,0.3038,1,4.418628175,4.147369174,11486
2018,Aaron Sanchez,TOR,49,242,8.8163,7.898,1.1163,1.4694,0.1983,0.1777,0.0207,0.253807106,1.898,0.2979,1,6.079419764,5.541173022,11490
2018,Jose Urena,MIA,102.2,440,7.9773,2.6299,3.0333,1.0519,0.2068,0.0682,0.1386,0.231343283,1.1981,0.2709,1,4.018194996,4.026994679,11589
2018,Heath Hembree,BOS,32,138,13.7813,3.375,4.0833,1.6875,0.3551,0.087,0.2681,0.23015873,1.2813,0.3239,1,3.661052418,2.823554544,11632
2018,Jameson Taillon,PIT,108.1,469,8.4738,2.0769,4.08,1.3292,0.2175,0.0533,0.1642,0.259090909,1.2831,0.3043,1,4.001052676,3.727585798,11674
2018,Carlos Martinez,STL,55.1,260,8.9458,4.5542,1.9643,0.6506,0.2115,0.1077,0.1038,0.244444444,1.5,0.3072,1,4.01045052,4.41387268,11682
2018,Tayron Guerrero,MIA,30.2,141,10.8587,4.1087,2.6429,1.4674,0.2624,0.0993,0.1631,0.269841269,1.5652,0.3452,1,4.334964185,3.615682115,11691
2018,Nick Kingham,PIT,45.2,203,9.0657,2.1679,4.1818,1.7737,0.2266,0.0542,0.1724,0.261780104,1.3358,0.3015,1,4.496817866,3.851612502,11694
2018,Sam Dyson,SFG,32.2,144,7.9898,2.7551,2.9,0.8265,0.2014,0.0694,0.1319,0.234848484,1.2551,0.28,1,3.68146005,3.549335197,11710
2018,Matt Harvey,2 Tms,91.2,396,8.4436,1.8655,4.5263,1.08,0.2172,0.048,0.1692,0.256684491,1.2545,0.3069,1,3.564688634,3.752397634,11713
2018,Noah Syndergaard,NYM,86,376,11.3023,1.5698,7.2,0.6279,0.2872,0.0399,0.2473,0.263305322,1.2674,0.3621,1,2.219191953,2.426095158,11762
2018,James Paxton,SEA,100,406,12.24,1.98,6.1818,0.99,0.335,0.0542,0.2808,0.208877284,1.02,0.2924,1,2.561052418,2.716602912,11828
2018,Matt Andriese,2 Tms,45,199,9.2,2,4.6,1.6,0.2312,0.0503,0.1809,0.267379679,1.3333,0.3158,1,4.227719084,3.641628187,12022
2018,Brian Flynn,KCR,33,169,7.0909,3.8182,1.8571,0.2727,0.1538,0.0828,0.071,0.35064935,2.0606,0.4173,1,3.342870599,4.600546304,12027
2018,Kyle Hendricks,CHC,117,505,8.3846,1.7692,4.7391,1,0.2158,0.0455,0.1703,0.244725738,1.188,0.2926,1,3.537120794,3.673709606,12049
2018,Felipe Vazquez,PIT,37,153,12.1622,1.9459,6.25,0.4865,0.3268,0.0523,0.2745,0.227586206,1.1081,0.3333,1,1.809701067,2.580060478,12076
2018,Cody Allen,CLE,33.1,149,13.23,4.32,3.0625,2.16,0.3289,0.1074,0.2215,0.236641221,1.41,0.3108,1,4.961054218,3.723894192,12183
2018,Nick Tropeano,LAA,48.2,209,8.5068,3.6986,2.3,2.589,0.2201,0.0957,0.1244,0.223404255,1.274,0.2188,1,6.304885881,4.635336086,12385
2018,Seth Lugo,NYM,60.1,251,10.2928,1.9392,5.3077,0.895,0.2749,0.0518,0.2231,0.216101694,1.0608,0.2795,1,2.912433497,3.043107354,12447
2018,Blake Treinen,OAK,47.2,187,10.7622,2.4545,4.3846,0.1888,0.3048,0.0695,0.2353,0.150289017,0.8182,0.2174,1,1.923291046,2.482145809,12572
2018,Mike Wright,BAL,38.1,184,7.5131,4.9304,1.5238,1.4087,0.1739,0.1141,0.0598,0.276729559,1.6957,0.314,1,5.482793567,5.343777733,12586
2018,Trevor Bauer,CLE,102.2,435,11.0455,2.8929,3.8182,0.6136,0.2897,0.0759,0.2138,0.211586901,1.1396,0.2917,1,2.703260359,3.280828099,12703
2018,Sonny Gray,NYY,73.1,316,8.5909,2.5773,3.3333,0.8591,0.2215,0.0665,0.1551,0.243986254,1.2545,0.2991,1,3.515598033,3.580966368,12768
2018,Sam Gaviglio,TOR,72.1,321,9.2074,2.6129,3.5238,1.6175,0.2305,0.0654,0.1651,0.261744966,1.3687,0.3081,1,4.405292622,3.621557146,12778
2018,Burch Smith,KCR,39.1,185,9.839,4.8051,2.0476,1.6017,0.2324,0.1135,0.1189,0.254658385,1.5763,0.3063,1,5.118681195,4.94662266,12784
2018,Noe Ramirez,LAA,49.2,205,9.4228,2.5369,3.7143,1.4497,0.2537,0.0683,0.1854,0.202127659,1.047,0.2344,1,4.187897366,3.989415498,12800
2018,Mike Clevinger,CLE,114.1,498,9.2099,3.1487,2.925,0.9446,0.2349,0.0803,0.1546,0.239560439,1.3032,0.2975,1,3.607116687,3.947267646,12808
2018,Matt Barnes,BOS,32,142,14.3438,4.5,3.1875,1.125,0.3592,0.1127,0.2465,0.208,1.3125,0.3143,1,3.192302418,2.599561854,12863
2018,Tyler Anderson,COL,105,461,10.0286,2.6571,3.7742,1.7143,0.2538,0.0672,0.1866,0.257009345,1.3429,0.3093,1,4.351528608,3.762898244,12880
2018,Dylan Bundy,BAL,92.1,431,9.5524,3.2166,2.9697,2.2419,0.2274,0.0766,0.1508,0.284987277,1.5704,0.3272,1,5.511233771,4.616232487,12917
2018,Archie Bradley,ARI,39.2,162,9.7563,1.5882,6.1429,1.1345,0.2654,0.0432,0.2222,0.222222222,1.0336,0.2762,1,3.312312795,3.172602245,12918
2018,Joe Musgrove,PIT,66.1,281,8.6834,1.4925,5.8182,0.9497,0.2278,0.0391,0.1886,0.238636363,1.1156,0.2902,1,3.3721078,3.543969235,12970
2018,Anthony DeSclafani,CIN,73.2,316,9.0407,2.0769,4.3529,2.0769,0.2342,0.0538,0.1804,0.248322147,1.2353,0.2754,1,4.885033538,3.768323658,13050
2018,Wei-Yin Chen,MIA,77,333,8.2987,3.039,2.7308,1.1688,0.2132,0.0781,0.1351,0.241830065,1.2987,0.2844,1,4.057156314,4.449450658,13071
2018,Gerrit Cole,HOU,122.1,499,12.3597,2.6485,4.6667,0.8093,0.3367,0.0721,0.2645,0.2,1.0463,0.2883,1,2.539798843,3.125983984,13125
2018,Eduardo Rodriguez,BOS,72.1,322,12.0691,3.7327,3.2333,1.3687,0.3012,0.0932,0.2081,0.238754325,1.3687,0.3204,1,3.824647193,3.446025686,13164
2018,Zach Davies,MIL,36.1,162,6.9358,2.4771,2.8,1.7339,0.1728,0.0617,0.1111,0.263513513,1.3486,0.2807,1,5.197751534,4.420540924,13183
2018,Joe Biagini,TOR,31.2,167,6.2526,3.4105,1.8333,2.5579,0.1317,0.0719,0.0599,0.372549019,2.1789,0.3934,1,6.792627542,5.131986832,13194
2018,Michael Fulmer,DET,74,330,8.6351,4.1351,2.0882,1.3378,0.2152,0.103,0.1121,0.238095238,1.4054,0.2783,1,4.63402539,4.308569811,13218
2018,Ross Stripling,LAD,71.1,309,11.1028,1.514,7.3333,1.7664,0.2848,0.0388,0.246,0.27027027,1.2897,0.3402,1,3.791893834,2.791774837,13273
2018,Cam Bedrosian,LAA,32.1,146,7.2371,3.8969,1.8571,1.6701,0.1781,0.0959,0.0822,0.259541984,1.4845,0.2828,1,5.35693097,4.783470901,13360
2018,Steven Matz,NYM,84.2,376,9.7795,3.4016,2.875,1.3819,0.2447,0.0851,0.1596,0.240469208,1.3465,0.2924,1,4.224044125,3.710533471,13361
2018,Dylan Floro,2 Tms,32,142,9.2813,2.8125,3.3,0.5625,0.2324,0.0704,0.162,0.251908396,1.3438,0.3229,1,2.942302418,3.368513741,13394
2018,Felix Pena,LAA,54.1,233,8.6135,2.816,3.0588,1.1595,0.2232,0.073,0.1502,0.225352112,1.1963,0.2662,1,4.026083623,3.688741042,13403
2018,Matt Koch,ARI,43.2,209,7.8321,2.6794,2.9231,2.4733,0.1818,0.0622,0.1196,0.30927835,1.6718,0.3333,1,6.023645652,4.493583049,13420
2018,Drew VerHagen,DET,30.2,132,8.8043,3.5217,2.5,0.8804,0.2273,0.0909,0.1364,0.210084033,1.2065,0.2558,1,3.748008301,4.145836175,13424
2018,Marcus Stroman,TOR,54,241,7.1667,4,1.7917,0.5,0.1784,0.0996,0.0788,0.239631336,1.4074,0.2865,1,3.62401538,3.911113496,13431
2018,Taylor Rogers,MIN,40,162,9.675,1.8,5.375,0.675,0.2654,0.0494,0.216,0.203947368,0.975,0.2642,1,2.736052418,3.330086761,13449
2018,Blake Snell,TBR,105.2,443,12.776,3.2366,3.9474,1.0221,0.3386,0.0858,0.2528,0.204938271,1.1451,0.2922,1,2.877140836,2.807538575,13543
2018,Richard Rodriguez,PIT,34.2,148,13.2404,1.8173,7.2857,0.5192,0.3446,0.0473,0.2973,0.242857142,1.1827,0.3678,1,1.661053861,2.816762477,13549
2018,Jakob Junis,KCR,107,467,8.0748,1.6822,4.8,1.8505,0.2056,0.0428,0.1627,0.263761467,1.2617,0.2925,1,4.908715969,4.196146973,13619
2018,Corey Oswalt,NYM,39,170,6.9231,1.8462,3.75,1.8462,0.1765,0.0471,0.1294,0.253164556,1.2308,0.2667,1,5.212334469,4.536075741,13677
2018,John Gant,STL,64,278,7.875,4.2188,1.8667,0.7031,0.2014,0.1079,0.0935,0.209677419,1.2813,0.2513,1,3.832927418,4.391498058,13684
2018,Sal Romano,CIN,84,370,6.9643,2.7857,2.5,1.7143,0.1757,0.0703,0.1054,0.260233918,1.369,0.2797,1,5.089623846,4.540317651,13690
2018,Robert Gsellman,NYM,40.1,175,9.1488,2.6777,3.4167,0.8926,0.2343,0.0686,0.1657,0.225,1.1901,0.2783,1,3.532953551,3.758815522,13696
2018,Jake Faria,TBR,35.2,165,7.0654,4.5421,1.5556,1.514,0.1697,0.1091,0.0606,0.253424657,1.5421,0.2768,1,5.376003618,5.597049723,13699
2018,Kyle Barraclough,MIA,30.2,133,9.9783,4.6956,2.125,1.7609,0.2556,0.1203,0.1353,0.17699115,1.1739,0.1918,1,5.443658632,4.462034846,13713
2018,Chris Stratton,SFG,81.2,363,7.6041,3.5265,2.1563,1.3224,0.1901,0.0882,0.1019,0.254545454,1.4204,0.2892,1,4.593704894,4.40252885,13761
2018,Zach Eflin,PHI,75.2,323,8.5639,1.3084,6.5455,1.3084,0.2229,0.0341,0.1889,0.266025641,1.2423,0.3144,1,3.58395972,3.680395457,13774
2018,Alex Wood,LAD,85.1,366,8.543,2.2148,3.8571,0.7383,0.2213,0.0574,0.1639,0.223529411,1.1367,0.2738,1,3.2430837,3.686357049,13781
2018,Matt Strahm,SDP,34.2,148,11.4231,3.8942,2.9333,1.0385,0.2973,0.1014,0.1959,0.190839694,1.1538,0.253,1,3.593744309,3.713597463,13799
2018,Paul Sewald,NYM,34,141,9.5294,2.6471,3.6,0.7941,0.2553,0.0709,0.1844,0.213740458,1.1176,0.2717,1,3.072817124,3.771681057,13892
2018,Brent Suter,MIL,64.2,269,8.0722,2.0876,3.8667,1.6701,0.2156,0.0558,0.1599,0.233201581,1.1443,0.2568,1,4.521876458,3.948417276,13942
2018,Michael Wacha,STL,45.2,208,9.2628,4.5328,2.0435,0.9854,0.226,0.1106,0.1154,0.240437158,1.4672,0.2977,1,4.168350952,4.010829792,14078
2018,Kevin Gausman,2 Tms,105.2,466,6.9842,2.2997,3.037,1.7886,0.176,0.0579,0.118,0.270642201,1.3722,0.2913,1,5.044332581,4.320757383,14107
2018,Lance McCullers Jr.,HOU,80.1,331,10.195,3.1369,3.25,0.4481,0.2749,0.0846,0.1903,0.181208053,1.0207,0.2463,1,2.775160142,3.299750325,14120
2018,Jose Berrios,MIN,118.2,491,9.4803,2.6545,3.5714,1.2135,0.2546,0.0713,0.1833,0.199105145,1.0449,0.2386,1,3.919479171,3.934269483,14168
2018,Josh Hader,MIL,54.1,207,16.3988,4.1411,3.96,0.6626,0.4783,0.1208,0.3575,0.099447513,0.7914,0.1795,1,1.909517908,2.016386595,14212
2018,Brian Johnson,BOS,57.2,251,8.7399,3.5896,2.4348,1.2486,0.2231,0.0916,0.1315,0.229074889,1.3006,0.2699,1,4.270878366,4.586823569,14272
2018,Frankie Montas,OAK,33.2,155,8.0198,3.2079,2.5,0.5347,0.1935,0.0774,0.1161,0.279720279,1.5446,0.3423,1,3.220458299,4.410494862,14309
2018,Ty Blach,SFG,65,286,6.0923,3.0462,2,0.4154,0.1538,0.0769,0.0769,0.239543726,1.3077,0.2778,1,3.468744725,4.062989489,14361
2018,Tyler Glasnow,2 Tms,67,288,11.1493,3.8955,2.8621,1.4776,0.2882,0.1007,0.1875,0.20703125,1.2239,0.2593,1,4.250604656,3.447428765,14374
2018,Hyun-Jin Ryu,LAD,54.1,215,8.9448,0.9939,9,0.9939,0.2512,0.0279,0.2233,0.206730769,0.9018,0.25,1,2.995408145,3.231705781,14444
2018,Adam Conley,MIA,31.1,124,10.0532,3.1596,3.1818,0.8617,0.2823,0.0887,0.1935,0.151785714,0.8936,0.1892,1,3.320627055,3.604568991,14457
2018,Dereck Rodriguez,SFG,69.2,302,6.3301,2.9713,2.1304,1.0335,0.1623,0.0762,0.0861,0.231884057,1.2488,0.2557,1,4.366793467,4.841683955,14509
2018,Jorge Lopez,2 Tms,30.1,127,8.011,2.967,2.7,0.8901,0.2126,0.0787,0.1339,0.222222222,1.1868,0.2644,1,3.655558455,4.003310034,14527
2018,Keone Kela,2 Tms,31.2,131,11.0842,3.6947,3,1.1368,0.2977,0.0992,0.1985,0.194915254,1.1368,0.2533,1,3.571578301,3.650629742,14696
2018,Edwin Diaz,SEA,47.2,183,16.993,2.2657,7.5,0.7552,0.4918,0.0656,0.4262,0.142857142,0.7552,0.2703,1,1.419794895,1.195117655,14710
2018,Emilio Pagan,OAK,32.1,144,10.0206,2.7835,3.6,2.5052,0.25,0.0694,0.1806,0.261194029,1.3918,0.2921,1,5.480642438,4.671533266,14771
2018,Buck Farmer,DET,37,167,9,4.3784,2.0556,0.4865,0.2216,0.1078,0.1138,0.248322147,1.4865,0.3182,1,3.32321458,4.361403467,14814
2018,Dylan Covey,CHW,69.2,312,6.5885,3.7464,1.7586,1.0335,0.1635,0.0929,0.0705,0.236749116,1.378,0.2634,1,4.438563768,4.107403254,14825
2018,Michael Lorenzen,CIN,39.1,179,7.0932,3.661,1.9375,0.9153,0.1732,0.0894,0.0838,0.25625,1.4492,0.296,1,4.355968684,4.419611914,14843
2018,Zack Godley,ARI,92,421,10.2717,3.6196,2.8378,1.2717,0.2494,0.0879,0.1615,0.261904761,1.4783,0.3308,1,4.117574157,3.734757015,14862
2018,Caleb Smith,MIA,48.1,205,10.6138,3.3517,3.1667,0.931,0.278,0.0878,0.1902,0.201086956,1.1379,0.2623,1,3.45070779,4.327018354,14875
2018,Jon Gray,COL,106.1,448,10.8339,1.8621,5.8182,1.3542,0.2857,0.0491,0.2366,0.241706161,1.1661,0.3094,1,3.443184167,2.90052231,14916
2018,Reyes Moronta,SFG,34,144,11.6471,5.8235,2,1.0588,0.3056,0.1528,0.1528,0.155737704,1.2059,0.2027,1,4.043405359,4.359916351,14966
2018,Chad Kuhl,PIT,41.1,203,9.5807,4.1371,2.3158,2.1774,0.2167,0.0936,0.1232,0.296703296,1.7661,0.3438,1,5.701377047,4.594094783,14975
2018,Corey Knebel,MIL,33,139,14.7273,3,4.9091,1.6364,0.3885,0.0791,0.3094,0.2,1.0909,0.2923,1,3.524688781,2.212080207,15010
2018,German Marquez,COL,117,494,10.8462,2.2308,4.8621,1.3846,0.2854,0.0587,0.2267,0.224890829,1.1282,0.2833,1,3.648231905,3.045752373,15038
2018,Lou Trivino,OAK,42.1,171,10.8425,2.9764,3.6429,0.4252,0.2982,0.0819,0.2164,0.179487179,0.9921,0.2524,1,2.428768377,3.102075164,15043
2018,Kevin McCarthy,KCR,37,157,7.7838,1.7027,4.5714,1.2162,0.2038,0.0446,0.1592,0.255033557,1.2162,0.2946,1,3.836728093,2.883459763,15240
2018,Shane Carle,ATL,30,134,6.9,4.2,1.6429,0.3,0.1716,0.1045,0.0672,0.241666666,1.4333,0.2917,1,3.461052418,4.293957326,15258
2018,Adam Cimber,2 Tms,37,153,8.5135,0.973,8.75,0.973,0.2288,0.0261,0.2026,0.227586206,1,0.2736,1,3.32321458,3.301594797,15288
2018,Austin Pruitt,TBR,42,173,6.8571,1.9286,3.5556,0.8571,0.185,0.052,0.1329,0.225609756,1.0952,0.2578,1,3.518195275,4.206984318,15290
2018,Steven Brault,PIT,45,214,8.6,6,1.4333,0.8,0.2009,0.1402,0.0607,0.234636871,1.6,0.2879,1,4.738830195,5.124782065,15291
2018,Andrew Heaney,LAA,109,460,9.6606,1.8991,5.087,1.156,0.2543,0.05,0.2043,0.24137931,1.1743,0.2993,1,3.372061592,3.35395192,15423
2018,Matthew Boyd,DET,104.1,443,8.4537,3.0192,2.8,1.2939,0.2212,0.079,0.1422,0.215,1.1597,0.2474,1,4.38788987,4.909237128,15440
2018,Nick Pivetta,PHI,92.2,405,11.8489,3.205,3.697,1.0683,0.3012,0.0815,0.2198,0.227642276,1.2626,0.3093,1,3.236591959,3.244043541,15454
2018,Marco Gonzales,SEA,97.1,415,8.3219,2.0342,4.0909,0.4623,0.2169,0.053,0.1639,0.238461538,1.1815,0.2983,1,2.750093374,3.694307063,15467
2018,Lucas Giolito,CHW,98.1,441,7.5051,4.7593,1.5769,1.4644,0.1859,0.1179,0.068,0.221932114,1.3932,0.2421,1,5.378002322,5.127113517,15474
2018,Antonio Senzatela,COL,49,218,7.3469,2.9388,2.5,1.102,0.1835,0.0734,0.1101,0.268656716,1.4286,0.3097,1,4.161052418,4.119711489,15488
2018,Chad Green,NYY,40,164,10.8,2.025,5.3333,1.35,0.2927,0.0549,0.2378,0.232258064,1.125,0.297,1,3.386052418,3.335409781,15552
2018,Yefry Ramirez,BAL,32.1,159,10.299,6.1237,1.6818,1.9485,0.2327,0.1384,0.0943,0.261194029,1.7629,0.3111,1,6.006416176,5.439541292,15655
2018,Miguel Castro,BAL,35.1,174,6.3679,6.1132,1.0417,1.5283,0.1437,0.1379,0.0057,0.277027027,1.8396,0.2991,1,6.161055248,5.823260701,15684
2018,Luis Castillo,CIN,107.2,452,9.613,2.3406,4.1071,1.3375,0.2544,0.0619,0.1925,0.2304038,1.161,0.2793,1,3.820494938,3.284553685,15689
2018,Brad Keller,KCR,76.1,333,6.8384,3.655,1.871,0.7074,0.1742,0.0931,0.0811,0.235880398,1.3362,0.2743,1,3.920878077,4.240530654,15734
2018,Joe Jimenez,DET,39.2,158,11.7983,2.2689,5.2,0.6807,0.3291,0.0633,0.2658,0.178082191,0.9076,0.2527,1,2.429960596,3.153898281,15761
2018,Masahiro Tanaka,NYY,94,406,8.8085,1.8191,4.8421,1.7234,0.2266,0.0468,0.1798,0.258485639,1.2553,0.2967,1,4.427009864,3.606833634,15764
2018,Adam Plutko,CLE,46,205,6.8478,3.1304,2.1875,3.1304,0.1707,0.078,0.0927,0.265957446,1.4348,0.2482,1,7.26974807,5.799906403,15846
2018,Sean Manaea,OAK,102.1,425,5.8046,1.759,3.3,1.2313,0.1553,0.0471,0.1082,0.2225,1.0651,0.2344,1,4.382551187,4.379401291,15873
2018,Luis Severino,NYY,113,481,9.9558,2.5487,3.9063,0.8761,0.2599,0.0665,0.1933,0.232662192,1.2035,0.299,1,3.116804631,3.48831694,15890
2018,Victor Arano,PHI,32,139,9.5625,2.5313,3.7778,0.8438,0.2446,0.0647,0.1799,0.248062015,1.2813,0.3152,1,3.192302418,3.4703286,15915
2018,Ryne Stanek,TBR,40.2,168,11.0656,3.0984,3.5714,0.6639,0.2976,0.0833,0.2143,0.201298701,1.1066,0.2772,1,2.693839687,3.724883262,15947
2018,David Hess,BAL,58.1,270,6.1714,3.0857,2,2.16,0.1481,0.0741,0.0741,0.276422764,1.5086,0.2813,1,6.143911265,5.798624433,16130
2018,Carlos Rodon,CHW,66.2,293,6.885,4.59,1.5,1.35,0.1741,0.116,0.058,0.203921568,1.29,0.2154,1,5.246051375,5.550505832,16137
2018,Aaron Nola,PHI,128.2,536,10.0026,2.4482,4.0857,0.9793,0.2668,0.0653,0.2015,0.211693548,1.0881,0.2684,1,3.285404717,3.20588119,16149
2018,Eric Skoglund,KCR,39,174,7.8462,3,2.6154,1.1538,0.1954,0.0747,0.1207,0.224358974,1.2308,0.2564,1,4.468744725,4.580740472,16155
2018,Kyle Freeland,COL,107,488,8.4112,4.0374,2.0833,1.3458,0.2049,0.0984,0.1066,0.254587155,1.486,0.2969,1,4.693762698,4.494066493,16256
2018,Ryan Borucki,TOR,53.2,235,7.2112,2.5155,2.8667,0.8385,0.183,0.0638,0.1191,0.233944954,1.2298,0.2706,1,3.720058281,4.324628542,16350
2018,Tyler Mahle,CIN,57.1,279,9.5756,4.3954,2.1786,2.0407,0.2186,0.1004,0.1183,0.29880478,1.7965,0.3503,1,5.445937467,4.572383827,16358
2018,Reynaldo Lopez,CHW,104.2,468,7.2229,4.0414,1.7872,1.4618,0.1795,0.1004,0.0791,0.245192307,1.4236,0.2698,1,5.157867068,5.429146089,16400
2018,Yonny Chirinos,TBR,50.1,212,8.9404,2.1457,4.1667,0.894,0.2358,0.0566,0.1792,0.228426395,1.1325,0.2817,1,3.359728046,3.873082632,16401
2018,Ryan Yarbrough,TBR,80,351,9,3.15,2.8571,1.4625,0.2279,0.0798,0.1481,0.246875,1.3375,0.2907,1,4.436052418,4.181619403,16502
2018,Austin Gomber,STL,36.1,166,8.6697,3.7156,2.3333,1.2385,0.2108,0.0904,0.1205,0.26,1.4862,0.3091,1,4.344539742,4.282926118,16561
2018,Jonathan Holder,NYY,35.2,145,9.0841,2.0187,4.5,0.2523,0.2483,0.0552,0.1931,0.198529411,0.9813,0.2626,1,2.263856995,4.307331303,16588
2018,Luke Weaver,STL,78.2,344,8.5805,2.9746,2.8846,1.3729,0.218,0.0756,0.1424,0.255520504,1.3602,0.3,1,4.266984152,4.236478286,16918
2018,Elieser Hernandez,MIA,32.1,149,7.5155,4.1753,1.8,1.6701,0.1812,0.1007,0.0805,0.270676691,1.5773,0.3,1,5.387858837,5.478450883,16933
2018,Sean Newcomb,ATL,94.1,410,9.5406,4.3887,2.1739,0.9541,0.2439,0.1122,0.1317,0.219780219,1.3357,0.2756,1,3.881900729,4.079554779,16943
2018,Trevor Williams,PIT,96,411,6.4688,3,2.1563,0.75,0.1679,0.0779,0.09,0.223404255,1.2083,0.2542,1,3.900635751,4.692573727,16977
2018,Daniel Mengden,OAK,76,314,5.4474,1.7763,3.0667,1.5395,0.1465,0.0478,0.0987,0.218855218,1.0526,0.2185,1,4.845262944,4.773024717,16980
2018,Trevor Hildenberger,MIN,42,177,9.2143,1.7143,5.375,1.2857,0.2429,0.0452,0.1977,0.251497005,1.1905,0.3051,1,3.684861941,3.086092493,17002
2018,Ariel Jurado,TEX,32,139,4.2188,2.5313,1.6667,1.125,0.1079,0.0647,0.0432,0.246153846,1.2813,0.2523,1,4.692302418,4.718917516,17030
2018,Pablo Lopez,MIA,30.1,138,7.7143,1.7802,4.3333,2.0769,0.1884,0.0435,0.1449,0.290076335,1.4506,0.3163,1,5.139076569,3.71809164,17085
2018,Raisel Iglesias,CIN,39,165,10.1538,3.2308,3.1429,2.3077,0.2667,0.0848,0.1818,0.2147651,1.1795,0.2316,1,5.468744725,3.744677385,17130
2018,Domingo German,NYY,48.2,212,10.5411,2.774,3.8,1.6644,0.2689,0.0708,0.1981,0.237113402,1.2534,0.2891,1,4.332284492,3.591102941,17149
2018,Edgar Santana,PIT,32,140,7.3125,1.4063,5.2,0.8438,0.1857,0.0357,0.15,0.270676691,1.2813,0.3173,1,3.411052418,4.101982375,17355
2018,Heath Fillmyer,KCR,47.2,210,6.6084,3.7762,1.75,1.5105,0.1667,0.0952,0.0714,0.242105263,1.3846,0.2585,1,5.13307901,4.579776802,17466
2018,Jack Flaherty,STL,98,406,12.2143,3.398,3.5946,1.1939,0.3276,0.0911,0.2365,0.186813186,1.0714,0.2523,1,3.456970785,3.181857504,17479
2018,Diego Castillo,TBR,40.2,152,11.5082,2.2131,5.2,0.4426,0.3421,0.0658,0.2763,0.14084507,0.7377,0.2045,1,1.980725517,2.641012265,17496
2018,Jose Alvarado,TBR,35,138,11.8286,3.3429,3.5385,0,0.3333,0.0942,0.2391,0.136,0.8571,0.2152,1,1.646766704,2.684924765,17780
2018,Jarlin Garcia,MIA,38.1,167,7.0435,3.7565,1.875,1.6435,0.1796,0.0958,0.0838,0.225165562,1.3043,0.2368,1,5.221923775,4.873034157,18282
2018,Andrew Suarez,SFG,95.2,413,8.4669,2.5401,3.3333,1.0348,0.2179,0.0654,0.1525,0.250652741,1.2857,0.3014,1,3.715059193,3.756805629,18300
2018,Jaime Barria,LAA,66.2,313,7.155,4.185,1.7097,1.62,0.1693,0.099,0.0703,0.285198555,1.65,0.3146,1,5.486051255,5.450054335,18356
2018,Kenta Maeda,LAD,76,318,11.25,2.4868,4.5238,0.7105,0.2987,0.066,0.2327,0.224489795,1.1447,0.3109,1,2.634736629,3.194840604,18498
2018,Freddy Peralta,MIL,49,200,12.3061,4.4082,2.7917,0.9184,0.335,0.12,0.215,0.148571428,1.0204,0.2039,1,3.283501397,3.810824467,18679
2018,Seunghwan Oh,2 Tms,38.2,152,12.3362,1.6293,7.5714,0.931,0.3487,0.0461,0.3026,0.188811188,0.8793,0.2674,1,2.462775353,3.082801279,18719
2018,Drew Steckenrider,MIA,32.1,142,10.0206,4.1753,2.4,0.5567,0.2535,0.1056,0.1479,0.23015873,1.3608,0.3068,1,3.222908151,4.308778095,18806
2018,Seranthony Dominguez,PHI,36.2,138,10.8,2.2091,4.8889,0.7364,0.3188,0.0652,0.2536,0.140625,0.7364,0.1852,1,2.642871071,2.705335853,19249
2018,Trevor Richards,MIA,76.1,329,9.0786,3.1834,2.8519,1.0611,0.234,0.0821,0.152,0.237458193,1.2838,0.2911,1,3.855375865,4.183396512,19309
2018,Eric Lauer,SDP,56,273,8.1964,3.5357,2.3182,1.6071,0.1868,0.0806,0.1062,0.308943089,1.75,0.3568,1,5.107480989,4.703105657,19316
2018,Joey Lucchesi,SDP,80,345,11.8125,3.0375,3.8889,1.575,0.3043,0.0783,0.2261,0.229299363,1.2375,0.2959,1,3.936052418,3.064925251,19320
2018,Hector Velazquez,BOS,42.1,199,6.378,3.189,2,1.063,0.1508,0.0754,0.0754,0.292817679,1.6063,0.3288,1,4.554754302,4.618917007,19341
2018,Walker Buehler,LAD,89.2,356,10.2379,2.0074,5.1,1.0037,0.2865,0.0562,0.2303,0.177710843,0.881,0.2227,1,3.138747594,2.959878981,19374
2018,Shane Bieber,CLE,64,287,9.9844,1.9688,5.0714,0.8438,0.2474,0.0488,0.1986,0.284132841,1.4219,0.366,1,2.911052418,3.240691572,19427
2018,Jordan Hicks,STL,33,155,10.6364,5.7273,1.8571,0,0.2516,0.1355,0.1161,0.207692307,1.4545,0.2967,1,3.070143328,3.920975347,19618
2018,Shohei Ohtani,LAA,30.2,130,11.7391,3.2283,3.6364,0.587,0.3077,0.0846,0.2231,0.220338983,1.2065,0.3158,1,2.574096535,3.072695257,19755
2018,Yoshihisa Hirano,ARI,34.1,145,8.9126,2.6214,3.4,1.3107,0.2345,0.069,0.1655,0.21641791,1.1359,0.2526,1,4.034839674,3.825320881,19756
